,,,,,,,,,,,,,
,,,,,,,,,,,,,
Obsolescence Protection List,,,,,,,,,,,,,
,,,,,,,,,,,,,
,,,,,,,,,,,,,
,,,,,,,,,,,,,
,,,,,,,,,,,,,
Importer Code: USA,,,,,,,,,,,,,
Dealer Code: 520560,,,,,,,,,,,,,
Number of Hits: 1003,,,,,,,,,,,,,
Original Total Value: 80540.11,,,,,,,,,,,,,
Original Scrap Value: 0,,,,,,,,,,,,,
Reference: 2015-10-27-752187,,,,,,,,,,,,,
Simulated,,,,,,,,,,,,,
,,,,,,,,,,,,,
Part Number,Part Description,Hazardous Material,Return Quantity,Scrap Quantity,Requested Return Quantity,Requested Scrap Quantity,Removed,Value,,Stock On Hand,Current SPQ,Parts Return SPQ,SP Flag
142456,BULB-B/U LP,,10,0,,,,9.9,,10,0,1,N
1647558,"SEAL,EXH MANIF RR PIPE",,1,0,,,,12.39,,1,0,1,N
1990116,"SWITCH,IGN & START",,1,0,,,,15.82,,1,0,1,N
2477054,"RIVET,F/TNK UPR SHLD",,4,0,,,,3.8,,5,0,2,N
3542310,"BOLT,LWR C/CASE",,23,0,,,,44.85,,23,0,20,N
3817880,"RETAINER,BRK PED PUSH ROD",,4,0,,,,5.68,,4,0,1,Y
5480869,STRUT ASM-L/GATE,,1,0,,,,28.68,,1,0,1,Y
6484235,"ELEMENT,A/CL",,4,0,,,,31.36,,4,0,1,N
7817486,"GASKET KIT,S/GR HSG CVR",,1,0,,,,21.06,,1,0,1,N
7828565,SEAL KIT POWER STRG GR ADJ PLUG(SERV) (3) CY,,1,0,,,,32.71,,1,0,2,N
8642066,"BEARING,STAT SHF",,1,0,,,,4.59,,1,0,1,N
8642215,"BEARING,REACTION CARR THR",,1,0,,,,4.55,,1,0,1,N
8651658,SCREEN ASM-A/TRNS O/PMP PRESS,,1,0,,,,4.83,,1,0,1,N
8667424,"SPRING,3RD & 4TH CLU BOOST",,2,0,,,,9.42,,4,0,2,Y
8679679,"SEAL,A/TRNS AXLE CASE CVR",,1,0,,,,9.11,,1,0,1,N
9114472,"NUT,I/P *BLUE",,1,0,,,,2.51,,1,0,1,Y
9157141,"ADAPTER,CLU PILOT BRG",,1,0,,,,8.88,,1,0,1,N
9595085,CAP ASM-HUB,,1,0,,,,65.74,,1,0,1,N
9595249,WHEEL ASM-17X7.5X31 CHROME CLAD,,1,0,,,,188.16,,1,0,1,N
9595819,16' WHEEL COVER. *PAINTED,,1,0,,,,33.31,,1,0,1,N
9596426,"WHEEL,17X7.5 SPA",,1,0,,,,88.4,,1,0,1,Y
9597195,WHEEL-20X8.5 ALUM 31MM O/S 139.7X6 B/C *POLISHED,,1,0,,,,249.05,,1,0,2,N
9597222,WHEEL-20X8.5 ALUM 31MM O/S 139.7X6 B/C *CHROME CLAD,,2,0,,,,768.74,,2,0,2,N
9597447,"COVER ASM-17"" WHL TRIM CHEVY (6-BOLT HOLE*SILVER SPARK",,1,0,,,,56.7,,1,0,1,N
9598035,CAP-HUB WHEEL TRIM,,1,0,,,,9.05,,1,0,1,N
9598753,COVER ASM-WHEEL TRIM,,1,0,,,,21.58,,1,0,1,N
10028352,RETAINER-HANDLE,,6,0,,,,12.12,,6,0,1,N
10028615,"NUT,WHL",,4,0,,,,15.24,,4,0,2,N
10105939,"GASKET,UPR INT MANIF",,1,0,,,,9.56,,1,0,1,N
10164173,BUMPER ASM-RR SUSP JOUNCE,,1,0,,,,34.37,,1,0,1,N
10179211,"BRACKET,GEN & DRV BELT IDLER PUL",,2,0,,,,179.12,,2,0,2,N
10207373,"THERMOSTAT,ENG COOL",,1,0,,,,7.28,,1,0,1,N
10224885,"BALANCER,CR/SHF",,1,0,,,,48.51,,1,0,1,N
10246215,TRANSMITTER ASM-R/CON DR LK,,1,0,,,,45,,1,0,1,N
10248414,SENSOR ASM-AMB AIR O/S TEMP,,1,0,,,,7.11,,1,0,1,Y
10283834,SWITCH ASM-FRT S/D WDO,,1,0,,,,69.6,,1,0,1,N
10289769,GRILLE ASM-RAD (BLUE BOW-TIE),,1,0,,,,63.44,,1,0,1,N
10301356,LAMP ASM-PARK & FRT SI MKR & T/SIG,,1,0,,,,32.89,,1,0,1,Y
10308121,CONTROL ASM-HTR & A/C,,1,0,,,,129.92,,1,0,1,N
10316651,LAMP ASM-FRT SI MKR(LH),,1,0,,,,31.7,,1,0,1,N
10316652,LAMP ASM-FRT SI MKR(RH),,1,0,,,,34.58,,1,0,1,Y
10320926,HOOD ASM,,1,0,,,,714.05,,1,0,1,Y
10328332,SEALING STRIP-F/FDR RR,,1,0,,,,10.49,,1,0,1,N
10335281,"ANTENNA,M/TEL DIGITAL",,1,0,,,,24.73,,1,0,1,N
10343432,"VALVE ASM,BRK PRESS MOD",,1,0,,,,1246.85,,1,0,1,N
10345904,BRACKET-ENG MT STRUT BODY SI,,1,0,,,,42.52,,1,0,1,N
10346260,"BULB,FRT FOG LP *BASE BLACK/C",,1,0,,,,8.27,,1,0,1,N
10353306,RETAINER-RAD AIR LWR DFL,,1,0,,,,3.68,,1,0,1,N
10356343,"ARM ASM,FRT LWR CONT",,1,0,,,,132.8,,1,0,1,N
10359038,"SWITCH ASM,HAZARD WRNG",,1,0,,,,27.33,,1,0,1,N
10368309,"HUB ASM,RR WHL (W/ WHL SPD SEN)",,1,0,,,,103.58,,1,0,1,N
10372327,GUIDE-SPA WHL HOIST SHF,,1,0,,,,5.31,,2,0,1,N
10372927,"PAD,RR BPR STEP (LH)",,1,0,,,,37.37,,1,0,1,N
10379411,CONVERTER ASM 3WAY CTLTC (W/ EXH RR MANI,,1,0,,,,341,,1,0,1,Y
10381608,HOSE ASM-FUEL FEED,,1,0,,,,48.99,,1,0,1,N
10381648,PANEL ASM-HDLNG TR,,1,0,,,,86.75,,1,0,1,N
10386199,EXTENSION-FRT A/DFL,,1,0,,,,39.63,,1,0,1,N
10387831,"LINER,F/FLR CNSL F/CMPT",,1,0,,,,9.72,,1,0,1,N
10391699,"CABLE,PARK BRK INTER",,1,0,,,,10.27,,1,0,1,N
10391700,"CABLE,PARK BRK INTER",,1,0,,,,10.66,,1,0,1,N
10392621,"BLADE,R/WDO WPR (KIT)",,1,0,,,,4.95,,1,0,1,N
10397097,"MOTOR ASM,BLO (W/ IMPLR)",,1,0,,,,85.8,,1,0,1,Y
10399704,STRUT ASM-HOOD,,2,0,,,,50.56,,2,0,2,N
10403040,ABSORBER-FRT BPR FASCIA ENGY,,1,0,,,,235.93,,1,0,1,Y
10435398,BRACKET ASM-FRT LIC PLT,,1,0,,,,29.4,,1,0,1,N
10435410,"PLUG,HDLP OPG DR ADJR ACC HOLE",,1,0,,,,2.53,,1,0,1,N
10435412,BEZEL-HDLP,,1,0,,,,12.06,,1,0,1,N
10445399,CLAMP ASM-FRT STAB SHF INSL,,1,0,,,,5.84,,1,0,1,Y
10457356,"GEAR KIT,DISTR SHF",,1,0,,,,35.03,,1,0,1,N
10477182,"CAP,DISTR",,1,0,,,,9.09,,1,0,1,Y
11508561,SCREW ASM-4.2 X 1.41 X 20,,1,0,,,,2.99,,1,0,1,Y
11514337,"PIN,FRT UPR CONT ARM COT",,11,0,,,,4.95,,19,0,2,N
11516480,"BOLT/SCREW,W/PMP INL",,1,0,,,,3.15,,1,0,1,Y
11516551,BOLT- METRIC HEAVY HEX FLANGE HD,,1,0,,,,2.82,,1,1,1,Y
11518725,"BOLT,DRIVETRAIN & FRT SUSP FRM",,1,0,,,,3.14,,1,0,1,N
11518856,"BOLT,CM/SHF BRG CAP",,2,0,,,,5.46,,2,0,2,N
11561525,CLAMP - T-BOLT BAND,,2,0,,,,47.72,,2,0,2,Y
11561637,SCREW - RND CRWN,,1,0,,,,2.51,,2,0,1,N
11562126,PLUG - CUP,,1,0,,,,1.67,,3,0,1,Y
11562426,BOLT - HVY HEX ACORN FLG HD,,6,0,,,,22.8,,6,0,6,Y
11570926,"BOLT,DRIVETRAIN & FRT SUSP FRM (FRT)",,1,0,,,,2.1,,1,0,1,Y
11570965,BOLT/SCREW,,1,0,,,,3.77,,1,0,1,Y
11571046,"RETAINER,RKR PNL MLDG *BLACK",,7,0,,,,20.37,,15,0,2,Y
11588711,BOLT - HVY HX ACORN FLG HD,,1,0,,,,2.33,,1,0,1,N
11588857,BOLT - HVY HX FLG HD,,1,0,,,,3.77,,1,0,1,Y
11588890,"BOLT,FRT WHL BRG",,1,0,,,,1.19,,1,0,1,Y
11588891,BOLT - HX FLG HD W/SHLD,,1,0,,,,2.59,,1,0,1,N
11589039,"BOLT,R/CMPT LID LAT STKR",,1,0,,,,1.88,,1,0,1,Y
11589063,"NUT,FRT GRL",,8,0,,,,24.96,,8,0,1,N
11589150,"NUT,R/WDO WPR ARM",,1,0,,,,2.51,,1,0,1,Y
11609792,"BOLT,CR/SHF BALR",,1,0,,,,7.22,,1,0,1,N
11609856,"PLATE ASM,RR BPR IMP BAR BRKT ANC",,1,0,,,,5.01,,1,0,1,Y
11609934,CLIP - TRIM,,1,0,,,,2.1,,1,0,1,Y
11610209,BOLT - HVY HX FLG HD,,1,0,,,,1.58,,1,0,1,Y
11610549,BOLT/SCREW-POA SERVICE PART,,2,0,,,,4.44,,2,0,2,Y
11610596,BOLT/SCREW,,1,0,,,,2.04,,1,0,1,Y
11610787,"BOLT,STRTR",,1,0,,,,2.55,,1,0,1,N
11611962,WASHER,,1,0,,,,2.09,,1,0,1,N
11612276,BOLT/SCREW,,1,0,,,,3.77,,1,0,1,N
12083689,"SOCKET,STOP & T/LP",,1,0,,,,37.51,,1,0,1,Y
12101855,"CONNECTOR-W/LEADS, 2-WAY F. *BLACK",,1,0,,,,17.19,,1,0,1,Y
12101888,"CONNECTOR-W/LEADS, 2-WAY F. *BLACK *MATH DATA",,1,0,,,,19.97,,1,0,1,N
12102664,"CONNECTOR,SW-IDLE SPD CONT P/S PRESS",,1,0,,,,14.21,,1,0,2,N
12126461,"CONNECTOR-W/LEADS, 2-WAY F. *BLACK",,1,0,,,,24.47,,1,0,1,Y
12157093,"CABLE ASM,BAT POS FUSE BLK(94""LONG)",,1,0,,,,46.92,,1,0,1,N
12191376,"BLOCK,BAT POS CBL JUNC",,1,0,,,,10.63,,1,0,1,N
12335794,"GRILLE KIT,RAD *PAINT TO MAT",,1,0,,,,208.17,,1,0,1,N
12335805,"FASCIA,FRT BPR (WITH FOG LAMP OPGS) *GRAY",,2,0,,,,177.32,,2,0,2,Y
12335926,"BOARD ASM,T/LP CIRC (BULB HOLDER)",,1,0,,,,32.95,,1,0,1,N
12338064,"BOLT,STRTR",,5,0,,,,4.85,,5,0,1,N
12345118,"PAINT,TOUCH-UP TUBE (.5 OZ) (CLEAR)",,1,0,,,,7.4,,1,0,1,N
12346712,"PAINT,TOUCH-UP SPRAY (5 OZ)",,1,0,,,,7.4,,1,0,1,N
12346917,"PAINT,TOUCH-UP TUBE (.5 OZ)",,1,0,,,,7.4,,2,0,1,N
12365309,"CONTAINER KIT,WSWA SOLV",,1,0,,,,27.98,,1,0,1,N
12369966,"EMBLEM ASM,R/END FIN PNL <>",,1,0,,,,47.81,,1,0,1,N
12413045,"HUB KIT,FRT WHL",,1,0,,,,194.97,,1,0,1,N
12459810,"STOP KIT,BELT LAT (RETR SI) *VERY DK*GRAY",,1,0,,,,13.6,,1,0,1,N
12462265,"PUMP KIT,WAT",,1,0,,,,87.71,,1,0,1,Y
12471617,"SEAL,FRT DRV AXLE INR SHF",,1,0,,,,9.24,,1,0,1,N
12472844,"HINGE KIT,FRT S/D(DR SI)",,1,0,,,,94.81,,1,0,1,N
12474021,"HANGER KIT,RR SPR RR",,1,0,,,,130.83,,1,0,1,Y
12474423,"SEAL,TRFER CASE INPUT SHF",,1,0,,,,15.72,,0,0,2,N
12476270,"MIRROR KIT,O/S RR VIEW",,2,0,,,,134.06,,2,0,2,Y
12522917,"CONNECTOR KIT,FUEL FEED PIPE",,1,0,,,,3.25,,1,0,2,Y
12547464,"BEARING,TRFER CASE SHFT DTNT LVR",,1,0,,,,8.21,,1,0,1,N
12551505,"SHIELD,SPLG WIRE",,1,0,,,,2.74,,1,0,1,N
12553047,"GASKET,EGR VLV PIPE",,1,0,,,,5.01,,1,0,1,N
12555205,SPRING-CLU ASSIST,,1,0,,,,5.28,,1,0,1,N
12555290,"THERMOSTAT,ENG COOL",,1,0,,,,20.38,,1,1,1,Y
12555806,GASKET-CTLTC CONV,,1,0,,,,6.89,,1,0,1,N
12557390,NUT-VLV RKR ARM,,10,0,,,,9.5,,10,0,1,N
12557932,"SEAL,EGR VLV PIPE(O RING)",,1,0,,,,8.48,,1,0,1,N
12558353,"GASKET,EGR VLV",,1,0,,,,4.46,,1,0,1,Y
12559575,"THERMOSTAT,ENG COOL",,2,0,,,,18.72,,2,0,2,N
12562831,"ADAPTER,OIL FLTR",,1,0,,,,87.26,,2,0,1,N
12563083,"TENSIONER,DRV BELT",,1,0,,,,44.17,,1,0,1,N
12563240,PAN ASM-OIL,,1,0,,,,114.91,,1,0,1,N
12564401,PULLEY ASM-BELT IDLER,,1,0,,,,41.39,,2,0,1,N
12565553,"BODY,THROT",,1,0,,,,236.16,,1,0,1,N
12568796,BODY ASM-THROT (W/THROT ACTR),,1,0,,,,158.42,,1,0,1,Y
12570168,GASKET-THROT BODY,,1,0,,,,4.31,,1,0,1,N
12571725,"CHAIN,CM/SHF TMG",,1,0,,,,49.13,,1,0,1,N
12574379,"PUMP,SECD AIR INJN",,1,0,,,,197.17,,1,0,1,N
12575351,"VALVE,INT",,2,0,,,,5.2,,2,0,2,N
12575354,"VALVE,EXH",,2,0,,,,29.94,,2,0,2,N
12576263,"GASKET,EXH MANIF",,1,0,,,,14.45,,1,0,1,N
12576519,"SENSOR,CM/SHF POSN",,1,0,,,,25.47,,1,0,1,N
12577771,BELT-W/PMP & A/C CMPR & GEN & P/S PUMP,,1,0,,,,29.25,,1,0,1,Y
12578277,"SPARK PLUG,",,15,0,,,,75.45,,15,0,8,Y
12581176,HARNESS ASM-ELEK ICM WRG,,1,0,,,,10.36,,1,0,1,N
12581196,HARNESS ASM-EMIS CONT VAC,,1,0,,,,13.88,,1,0,1,N
12582666,CYLINDER ASM-CLU ACTR,,1,0,,,,68.16,,1,0,1,N
12584925,SENSOR ASM-HTD OXY (POSN 1),,1,0,,,,42.28,,1,0,1,N
12586608,GASKET-EGR PIPE,,1,0,,,,3.1,,1,0,1,N
12588097,"SENSOR,CR/SHF POSN",,1,0,,,,41.16,,1,0,1,N
12588413,BELT-W/PMP & A/C CMPR & GEN & P/S PUMP,,1,0,,,,28.27,,1,0,1,N
12589774,"SPRING,VLV",,3,0,,,,6.63,,3,0,1,Y
12589784,MAGNET ASM-CM/SHF POSN ACTR,,1,0,,,,61.08,,1,0,1,N
12590323,ADAPTER-OIL FLTR,,1,0,,,,80.91,,1,0,1,N
12591059,BELT-W/PMP & A/C CMPR & GEN,,1,0,,,,31.37,,1,0,1,Y
12592020,GASKET-W/PMP,,1,0,,,,7.75,,1,0,1,N
12592591,"SENSOR,HTD OXY(POSN 1)",,1,0,,,,48.46,,1,0,1,N
12593747,SEAL KIT-M/PORT F/INJR,,1,0,,,,21.34,,1,0,1,N
12594364,"WASHER,CR/SHF BALR",,1,0,,,,2.43,,1,0,1,N
12597253,"SENSOR ASM,CM/SHF POSN",,1,0,,,,24.5,,1,0,1,N
12597913,GASKET-THROT BODY,,4,0,,,,5.64,,4,0,1,Y
12598209,SENSOR ASM-CM/SHF POSN < 12F>,,1,0,,,,19.57,,2,0,1,Y
12598504,"TENSIONER,TMG CHAIN",,1,0,,,,30.79,,2,0,1,Y
12604474,GASKET-ENG FRT CVR,,1,0,,,,14.89,,1,0,1,N
12605109,"BODY,THROT(W/THROT ACTR)",,1,0,,,,145.15,,1,0,1,N
12605733,TUBE ASM-ENG COOL FIL,,1,0,,,,9.32,,1,0,1,Y
12606110,"INJECTOR ASM,M/PORT FUEL",,1,0,,,,32.97,,1,0,1,N
12607333,"SENSOR ASM-HTD OXY (POSN 1, PRE-CONVERTER)",,1,0,,,,75.49,,1,0,1,N
12615500,"SENSOR,KNOCK",,1,0,,,,18.54,,1,0,1,Y
12615628,"GASKET KIT,INT MANIF",,1,0,,,,30.94,,1,0,1,Y
12617792,BODY ASM-THROT,,1,0,,,,90.1,,1,0,1,Y
12618798,"SEAL KIT,F/INJR(O RING)",,1,0,,,,17.58,,1,0,1,Y
12619128,VALVE ASM-SECD AIR INJN SHUTOFF & C,,1,0,,,,78.95,,1,0,1,N
12622554,SENSOR ASM-EXH TEMP,,1,0,,,,36.44,,1,0,1,N
12623519,SEAL-RAD OTLT PIPE (O RING),,1,0,,,,4.95,,1,0,1,N
12623853,GASKET-ENG COOL C/OVR PIPE,,1,0,,,,5.34,,1,0,1,Y
12625437,CAMSHAFT ASM,,1,0,,,,72.71,,1,0,1,N
12626525,MANIFOLD ASM-EXH (W/ 3WAY CTLTC CONV),,1,0,,,,379,,1,0,1,Y
12628002,SEAL-THROT BODY,,1,0,,,,4.88,,1,0,1,N
12629698,CAMSHAFT ASM,,1,0,,,,77.48,,1,0,1,N
12632172,"BODY,THROT (W/SEN)",,1,0,,,,122.12,,1,0,1,Y
12632859,WASHER-CM/SHF THR,,1,0,,,,2.45,,2,0,1,N
12634491,INJECTOR ASM-INDIRECT FUEL (LLT),,1,0,,,,82.75,,0,0,1,N
12635649,BALANCER ASM-CR/SHF,,1,0,,,,111.75,,1,0,1,N
12636003,"BEARING KIT,CONN ROD",,2,0,,,,11.18,,2,0,2,N
12637297,SENSOR ASM-HTD OXY (POST-CATAL,,1,0,,,,24,,1,0,1,Y
12637722,VALVE ASM-FUEL PRESS SERV,,1,0,,,,20.97,,1,0,1,Y
12638504,SEAL-F/INJN PUMP BRKT (O RING),,2,0,,,,23.8,,2,0,2,N
12643246,SENSOR ASM-EXH TEMP (POSN 2),,1,0,,,,26.83,,1,0,1,Y
12644228,SENSOR ASM-MAP,,1,0,,,,37.54,,1,0,1,Y
12644934,"SEAL KIT,F/INJR(O RING)",,1,0,,,,47.43,,1,0,1,N
12647148,"GASKET KIT,CYL HD",,2,0,,,,172.46,,2,0,2,N
12650230,TENSIONER CHAIN PKG-TMG,,1,0,,,,230,,1,0,1,N
12651993,"MODULE,ENG CONT (W/ 2ND MPU)",,1,0,,,,186.68,,1,0,1,Y
12652327,HOUSING ASM-ENG COOL THERM,,1,0,,,,40.18,,1,0,1,N
12653998,MODULE ASM-ENG CONT (W/ 2ND MPU)E39A NO START -,,1,0,,,,168.7,,1,0,1,Y
12661875,"CRANKSHAFT,",,1,0,,,,368.45,,2,0,1,N
12992403,"BOLT,CM/SHF SPKT",,1,0,,,,1.93,,1,0,1,N
13105809,"BODY ASM,THROT",,1,0,,,,283.77,,1,0,1,N
13267636,COCK ASM-RAD DRN,,1,0,,,,7.34,,1,0,1,N
13307080,DUCT ASM-INT AIR,,1,0,,,,32.03,,1,0,1,Y
13334022,ARM ASM-FRT LWR CONT (W/ BUSH),,1,0,,,,64.5,,1,0,1,Y
13334023,ARM ASM-FRT LWR CONT (W/ BUSH),,1,0,,,,64.5,,0,1,1,Y
13369460,MOTOR ASM-BLO (W/ IMPLR),,1,0,,,,77.77,,1,0,1,Y
13412631,SENSOR ASM-FRT WHL SPD,,2,0,,,,23.98,,2,0,2,Y
13435981,DRUM ASM-RR BRK,,2,0,,,,56,,2,0,2,N
13465094,TANK ASM-RAD SURGE,,1,0,,,,21,,1,,1,N
13502341,SENSOR ASM-INFL RST,,1,0,,,,100,,1,0,1,N
13503205,RECEIVER ASM-R/CON DR LK,,1,0,,,,95.48,,1,0,1,N
13580698,MODULE ASM-BODY CONT,,1,0,,,,94.42,,2,0,1,Y
13582913,"BULB,HDLP",,1,0,,,,17.5,,1,0,1,Y
13584433,"CONNECTOR KIT,WRG HARN *BLACK",,1,0,,,,18.71,,1,0,1,Y
13589377,MODULE ASM-AIRBAG SEN & DIAGN,,1,0,,,,250,,1,0,1,N
13589708,MODULE KIT-F/TNK F/PMP (W/O FUEL LVL SE,,1,0,,,,190.74,,1,0,1,N
14004821,BUSHING-CLU PED PIV,,2,0,,,,4.48,,3,0,2,Y
14046812,"BUSHING,BRK PED PIV",,1,0,,,,2.15,,1,0,1,N
14047335,"BUSHING,BODY SI FRT WDO HGE",,4,0,,,,5.68,,9,0,1,Y
14062929,"INSULATOR,FRT STAB SHF",,2,0,,,,14.48,,2,0,2,N
14095609,"SEAL,TRFER CASE INPUT SHF",,1,0,,,,7.86,,1,0,1,N
15009690,"SWITCH,O/S R/CON RR VIEW MIR",,1,0,,,,46.65,,0,0,1,N
15012833,"WEATHERSTRIP,FRT S/D RF DRIP",,1,0,,,,33.75,,1,0,1,N
15017224,"DOOR,FRT SI",,1,0,,,,335,,1,0,1,N
15018964,KEY-IGN LK,,6,0,,,,30,,6,0,2,Y
15019779,TUBE ASM-TRANS FLUID FIL,,1,0,,,,15.35,,1,0,1,N
15023225,BUMPER ASM-R/AXL,,1,0,,,,29.4,,1,0,1,N
15035591,"SPRING,HOOD OPEN ASST",,1,0,,,,12.59,,1,0,1,N
15037290,"RETAINER,FRT BPR FIL",,1,0,,,,3.53,,1,0,1,N
15042048,"INSULATOR,FRT S/ABS",,1,0,,,,5.84,,1,0,1,Y
15044225,"INSULATOR,A/C CNDSR",,1,0,,,,4.27,,2,0,1,Y
15045622,PLATE ASM-FRT S/D NA (W/O BOWTIE) *CH*CHROME,,1,0,,,,58.8,,1,0,1,N
15046437,GRILLE ASM-W/S DEFR NOZ *PEWTER,,1,0,,,,17.49,,1,0,1,N
15050252,"BAFFLE,RAD SUPT",,1,0,,,,50.86,,1,0,1,N
15051184,PLATE ASM-E/GATE NA,,2,0,,,,37.46,,2,0,2,N
15053195,"PIPE,TRANS FLUID CLR INL",,1,0,,,,14.31,,1,0,1,N
15053198,"PIPE,TRANS FLUID CLR OTLT",,1,0,,,,14.93,,1,0,1,N
15053317,"PIPE,TRANS FLUID CLR LWR",,1,0,,,,22.64,,1,0,1,N
15053318,"PIPE,TRANS FLUID CLR UPR",,1,0,,,,22.89,,1,0,1,N
15054178,"BOLT,HOOD HGE",,1,0,,,,2.95,,1,0,2,N
15064188,HOSE ASM-HTR INL,,2,0,,,,34.84,,2,0,2,N
15071711,"PLATE,BODY SI NA",,1,0,,,,10.97,,1,0,1,N
15073765,"INDICATOR,A/CL AIR RSTN",,1,0,,,,28.5,,1,0,1,N
15087071,"CABLE,PARK BRK RR",,1,0,,,,24.51,,1,0,1,N
15092328,"RAMP,R/WDO WPR ARM PARK",,1,0,,,,12.89,,1,0,1,Y
15092802,INSULATOR-EXH MUFF HNGR,,1,0,,,,11.1,,1,0,1,Y
15093449,"STRUT,L/GATE WDO",,1,0,,,,18.38,,1,0,1,Y
15093450,"STRUT,L/GATE WDO",,1,0,,,,18.95,,1,0,1,Y
15102680,CLAMP ASM-EXH MUFF,,1,0,,,,38.33,,1,0,1,N
15106792,PLATFORM ASM-TRLR WT DISTR HITCH,,1,0,,,,241.2,,0,0,1,N
15107594,PEDAL ASM-ACCEL,,1,0,,,,43.09,,1,0,1,Y
15124271,"DEFLECTOR,AUX A/C AIR OTLT",,1,0,,,,5.68,,1,0,1,N
15135452,BRACE ASM-FRT BPR IMP BAR,,1,0,,,,13.06,,1,0,1,N
15136891,HOSE ASM-P/S GR INL & OTLT,,1,0,,,,86.19,,1,0,1,N
15137021,CANISTER ASM-EVAP EMIS,,1,0,,,,120.44,,1,0,1,Y
15143604,DEFLECTOR ASM-BODY SI AIR OTLT,,1,0,,,,8.86,,1,0,1,Y
15146196,"CABLE,HOOD OPEN CHK",,2,0,,,,52.9,,2,0,2,N
15151434,"SWITCH,SI WDO",,1,0,,,,26.32,,1,0,1,N
15153956,"INSULATOR,TORS BAR SUPT FRT H/SHLD",,1,0,,,,33.4,,1,0,1,Y
15162843,CLIP-RAD GRL,,2,0,,,,6.44,,2,0,2,N
15170215,PIPE ASM-TRANS FLUID CLR LWR,,1,0,,,,34.83,,1,0,1,N
15170987,"LINER,RR W/H PNL",,1,0,,,,79.71,,2,0,1,N
15172247,"MIRROR,O/S RR VIEW",,1,0,,,,130.07,,1,0,1,N
15176921,DEFLECTOR ASM-FRT BPR FASCIA AIR,,1,0,,,,14.2,,1,0,1,N
15179982,STRAP-BODY STATIC GND,,1,0,,,,4.73,,1,0,1,Y
15189391,"VALVE,R/END PNL PRESS RLF",,1,0,,,,20.09,,1,0,1,N
15192143,BLADE ASM-WSW,,1,0,,,,7.25,,1,0,1,Y
15192144,BLADE ASM-WSW,,1,0,,,,7.25,,1,0,1,Y
15199886,ATTACHMENT PKG-FRT LIC PLT,,1,0,,,,19.94,,1,0,1,N
15201406,SPEAKER ASM-RDO RR S/D,,1,0,,,,19.37,,1,0,1,Y
15206533,"SWITCH,RR S/D WDO",,1,0,,,,47.12,,1,1,1,Y
15206648,"RETAINER,HDLNG T/PNL",,1,0,,,,6,,1,0,1,N
15226944,MIRROR ASM-O/S RR VIEW (MOLDED IN BLACK),,1,0,,,,93.15,,1,0,1,N
15226945,MIRROR ASM-O/S RR VIEW (MOLDED IN BLACK),,1,0,,,,83.24,,1,0,2,N
15229310,TANK ASM-FUEL,,1,0,,,,477,,1,0,1,N
15230685,REINFORCEMENT-F/FDR FRT,,1,0,,,,21.16,,2,0,1,Y
15231656,"SENSOR,STRG WHL POSN",,1,0,,,,53.4,,1,0,1,N
15234845,MODULE ASM-BODY CONT,,1,0,,,,114.35,,1,0,1,N
15240259,INSULATOR ASM-DRIVETRAIN & FRT SUSP FRM *GREEN,,1,0,,,,26.62,,1,0,1,Y
15247277,TUBE-BAT VENT,,1,0,,,,10.92,,1,0,1,N
15249472,LAMP ASM-FRT SI T/SIG,,1,0,,,,26.59,,1,0,1,N
15253589,"PANEL ASM,FRT BPR VAL",,1,0,,,,41.28,,0,0,1,Y
15254825,CONTAINER ASM-WSWA SOLV,,1,0,,,,35.08,,1,0,1,N
15261339,SWITCH ASM-O/S RR VIEW MIR R/CON,,1,0,,,,34.12,,1,0,1,N
15262947,MOLDING ASM-W/S SI GARN *VY DK PEWTER,,1,0,,,,43.98,,2,0,1,N
15264276,BAR ASM-FRT BPR IMP,,1,0,,,,96.6,,1,0,1,N
15264475,LAMP ASM-HIGH MT STOP,,1,0,,,,72.71,,1,0,1,N
15264590,HOSE ASM-TRANS FLUID CLR INL,,1,0,,,,21.16,,1,0,1,Y
15269823,"MOUNT KIT,FRT SUSP STRUT",,1,0,,,,75.09,,1,0,1,N
15270597,SWITCH ASM-INFL RST I/P MDL,,1,0,,,,25.2,,1,0,1,N
15274390,BRACKET ASM-FRT BPR IMP BAR,,1,0,,,,30.82,,1,0,1,Y
15284528,"PUMP,WSWA",,1,0,,,,35.4,,1,0,1,Y
15285497,PANEL ASM-HDLP & F/END FASCIA MT,,1,0,,,,99.44,,1,0,1,N
15287177,"PANEL,AIR INL GRL",,1,0,,,,24.69,,1,0,1,N
15287178,PANEL ASM-AIR INL GRL (END COVER),,1,0,,,,24.69,,1,0,1,N
15292404,"ARM,R/AXL CONT",,1,0,,,,43.82,,1,0,1,N
15295850,HOSE ASM-P/B BOOS INL,,1,0,,,,40.79,,1,0,1,N
15305901,"CONNECTOR-W/LEADS, 2-WAY F. *BLACK *BLACK",,1,0,,,,18.16,,1,0,1,N
15306302,"CONNECTOR,INLINE-TO ENG HARN,ECM HARN",,1,0,,,,15.84,,2,0,1,Y
15306329,"CONNECTOR-W/LEADS, 2-WAY F. *BEIGE *MATH DATA",,1,0,,,,18.54,,1,0,1,N
15521872,"SEAL,FRT DIFF BRG ADJR(O RING)",,1,0,,,,4.88,,1,0,1,N
15531514,RESERVIOR-COOL RCVY,,1,0,,,,16.21,,1,0,1,N
15546443,"MOLDING,F/FDR WHL OPG",,1,0,,,,29.97,,1,0,1,N
15546444,"MOLDING,F/FDR WHL OPG",,1,0,,,,29.97,,1,0,1,N
15569430,"DEFLECTOR,FRT AIR",,1,0,,,,32.5,,1,0,1,Y
15588469,"CHANNEL,FRT S/D WDO",,1,0,,,,34.42,,1,0,1,N
15640448,"VALVE,F/TNK VENT",,1,0,,,,15.35,,1,0,1,Y
15651660,"SEAL,FRT WHL INR BRG",,2,0,,,,4.06,,2,0,2,N
15661460,"SEAL,TRFER CASE RR OUTPUT SHF",,1,0,,,,14.93,,1,0,1,N
15677737,"STUD,EXH MANIF PIPE",,6,0,,,,26.1,,10,0,3,Y
15686150,"BRACE,FRT BPR IMP BAR",,1,0,,,,20.09,,1,0,1,N
15686152,"BRACKET,FRT BPR IMP BAR",,1,0,,,,25.78,,1,0,1,N
15705372,BOLT/SCREW-HDLP ADJ,,1,0,,,,1.58,,1,0,1,N
15715300,HOSE ASM-FUEL RTN,,1,0,,,,76.32,,1,0,1,N
15720781,PAD-RR BPR STEP CTR *GRAY Y,,1,0,,,,19.07,,1,0,1,N
15722834,VALVE ASM-HTR WAT BYPASS,,1,0,,,,46.03,,1,0,1,N
15724226,STUD-TRANS,,1,0,,,,2.95,,1,0,2,N
15724741,"PLATE ASM-FRT S/D NA ""ASTRO""",,1,0,,,,16.42,,1,0,1,N
15740101,"MOLDING,FRT S/D LWR",,1,0,,,,38.25,,1,0,1,N
15740102,"MOLDING,FRT S/D LWR",,1,0,,,,39.03,,1,0,1,N
15740529,ROD-FRT S/D I/S HDL < 1C5L>,,1,0,,,,5.25,,2,0,1,N
15741109,"HANDLE,HOOD PRIM LAT REL CBL",,1,0,,,,24.5,,1,0,1,Y
15748100,"RAIL,LUGG CARR CR",,1,0,,,,117,,1,0,1,N
15749265,STRAP ASM-F/TNK,,1,0,,,,14.38,,1,0,1,Y
15749266,STRAP ASM-F/TNK,,1,0,,,,14.26,,1,0,1,Y
15751438,SHAFT ASM-PROP,,1,0,,,,425.73,,1,0,1,N
15755595,"SWITCH,HDLP & I/P LP DIMR & DM LP",,1,0,,,,52.33,,1,0,1,N
15757371,"LATCH,HOOD PRIM",,1,0,,,,39.59,,1,0,1,N
15758703,"WEATHERSTRIP,FRT S/D",,1,0,,,,40.65,,1,0,1,Y
15767600,PIPE ASM-TRANS FLUID CLR UPR,,1,0,,,,47.95,,1,0,2,N
15767858,MOUNT ASM-TRANS *MARKED PRINT,,1,0,,,,29.21,,1,0,1,N
15770188,"ABSORBER,FRT SHK",,2,0,,,,115.76,,2,0,2,N
15776716,SWITCH ASM-ELEK TRACT CONT (W/ ELEK SUSP,,1,0,,,,19.71,,1,0,1,N
15776719,"MOLDING ASM,FRT BPR FASCIA UPR *BRIGHT",,1,0,,,,52.29,,1,0,1,N
15777133,PUSHBUTTON-DR LK SW,,1,0,,,,32.57,,1,0,1,N
15781553,BRACKET-FRT LIC PLT *BLACK,,1,0,,,,16.61,,1,0,1,N
15789266,PANEL-RR BPR VAL CTR,,1,0,,,,310.9,,1,0,1,N
15790500,PAD-RR BPR FASCIA LWR,,1,0,,,,107.38,,1,0,1,N
15790501,PAD-RR BPR FASCIA UPR,,1,0,,,,134.72,,1,0,1,N
15790502,PAD-RR BPR FASCIA UPR,,1,0,,,,132.75,,1,0,1,N
15797058,"MODULE ASM,BODY CONT",,1,0,,,,363.9,,1,0,1,N
15805749,REINFORCEMENT-FRT BPR FASCIA (R.H.),,1,0,,,,9.93,,1,0,1,N
15806706,SHAFT KIT-STRG,,1,0,,,,108.36,,1,0,1,N
15808717,DEFLECTOR ASM-FRT AIR,,1,0,,,,90.69,,1,0,1,N
15809062,"HOSE,ENG OIL CLR INL",,1,0,,,,42.95,,1,0,1,N
15809063,"HOSE,ENG OIL CLR OTLT",,1,0,,,,28.71,,1,0,1,N
15811562,FILTER-PASS COMPT AIR,,1,0,,,,16.35,,1,0,1,N
15812992,"RETAINER,SUN RF SW BZL",,1,0,,,,19.75,,1,0,1,N
15822411,SUNSHADE ASM *SHALE,,1,0,,,,59.7,,1,0,1,N
15823699,"GRILLE-RAD UPR (MIC BLACK, UPPER MESH, BOWTIE AREA)",,1,0,,,,62.26,,1,0,1,N
15823977,SWITCH ASM-DR LK,,2,0,,,,20.9,,2,0,2,Y
15824780,"FASCIA ASM,FRT BPR",,1,0,,,,138.05,,0,1,1,Y
15827845,STRUT ASM-L/GATE,,1,0,,,,28.68,,1,0,1,Y
15827946,"HOSE,ENG OIL CLR",,2,0,,,,177.12,,3,0,2,N
15831065,RESISTOR ASM-AUX BLO MOT,,1,0,,,,22.5,,1,0,1,Y
15832092,LAMP ASM-TAIL,,1,0,,,,78.14,,1,0,1,N
15836387,SUPPORT-FRT BPR FASCIA HDLP OPG FLG (L.H.),,1,0,,,,9.12,,1,0,1,N
15837063,SENSOR ASM-DAYTIME RUNNING LP AMB LGT,,1,0,,,,8.95,,1,0,1,N
15838718,SENSOR ASM-BRK M/CYL PRESS,,1,0,,,,44.92,,1,0,1,N
15840427,"BRACKET ASM,T/LP HSG",,1,0,,,,13.12,,1,0,1,N
15840428,"BRACKET ASM,T/LP HSG",,1,0,,,,11.37,,2,0,1,N
15843995,STRUT ASM-R/CMPT LID,,1,0,,,,19.46,,1,0,1,N
15851956,LINK ASM-FRT STAB SHF,,2,0,,,,47.08,,2,0,2,Y
15853937,SWITCH KIT-HAZARD WRNG,,1,0,,,,16.88,,1,0,1,N
15854952,SOLENOID KIT-IGN LK CYL CONT,,1,0,,,,26.4,,2,0,1,N
15858578,CONTROL ASM-HTR,,1,0,,,,106.15,,1,0,1,N
15859434,PUMP ASM-P/S,,1,0,,,,177.07,,1,0,1,Y
15861910,STRUT ASM-HOOD,,1,0,,,,12.03,,1,0,1,N
15864153,"ARM,FRT UPR CONT",,1,0,,,,163.88,,1,0,1,N
15867657,"PUMP KIT,FUEL",,1,0,,,,336.58,,1,1,1,N
15868159,SUPPORT ASM-RAD UPR,,1,0,,,,87.13,,1,0,1,Y
15869897,ROD KIT-STRG LNKG OTR TIE,,1,0,,,,50,,1,0,1,N
15870649,BOOSTER ASM-P/B,,1,0,,,,223.62,,1,0,1,N
15871124,REGULATOR ASM-FRT S/D WDO,,2,0,,,,147.34,,2,0,2,N
15877228,"BAR ASM,FRT BPR IMP",,1,0,,,,152.27,,1,0,1,N
15880803,BRACE-F/FDR FRT,,2,0,,,,15.4,,2,0,2,N
15882777,HOSE ASM-FRT BRK,,1,0,,,,24.23,,1,0,1,N
15882778,HOSE ASM-FRT BRK,,1,0,,,,24.59,,1,0,1,N
15882779,"HOSE,FRT BRK",,1,0,,,,24.13,,1,0,1,N
15882780,"HOSE,FRT BRK",,1,0,,,,24.76,,1,0,1,N
15882902,COVER ASM-F/FLR PNL CPT HOLE *EBONY,,1,0,,,,24.89,,1,0,1,N
15884209,EMBLEM ASM-R/CMPT LID,,1,0,,,,15.07,,1,0,1,N
15886198,MIRROR-O/S RR VIEW (REFL GLASS ONLY),,1,0,,,,68.89,,1,0,1,Y
15886277,MODULE ASM-HTR & A/C & RDO CONT,,1,0,,,,142.93,,1,0,1,Y
15887809,BEZEL-SUN RF SW *LT OPEL GRAY,,1,0,,,,2.39,,1,0,1,Y
15891945,TRAY ASM-BAT,,1,0,,,,14.17,,1,0,1,N
15893516,CLIP-W/S UPR G/MLDG,,1,0,,,,3.37,,1,0,1,N
15893949,REINFORCEMENT ASM-RR BPR IMP BAR,,1,0,,,,175.18,,1,0,1,N
15899027,"COVER,FRT BPR FASCIA OPG",,1,0,,,,50.17,,1,0,1,N
15900023,SENSOR ASM-MASS AIRFLOW (W/ INT AIR TEM,,1,0,,,,85.52,,1,0,1,Y
15903508,CONVERTER ASM-3WAY CTLTC (W/ EXH PIPE),,1,0,,,,323.18,,1,0,1,N
15905569,INSULATOR-FRT STAB SHF,,2,0,,,,23.98,,2,0,2,N
15907478,"WEATHERSTRIP ASM,FRT S/D",,1,0,,,,88.86,,1,0,1,N
15908046,"ARM,R/WDO WPR",,1,0,,,,19.45,,1,0,1,Y
15908178,TANK ASM-RAD SURGE,,1,0,,,,36.09,,1,0,1,N
15914677,STEP-ASST,,2,0,,,,510.92,,2,0,2,N
15915521,BAFFLE ASM-RAD AIR LH,,1,0,,,,39.05,,1,0,1,N
15920864,ACTUATOR ASM-TEMP VLV,,1,0,,,,27.24,,1,0,1,Y
15924032,HANDLE ASM-I/P COMPT DR LAT REL *EBONY,,1,0,,,,33.4,,1,0,1,N
15926102,SWITCH ASM-TRLR BRK CONT,,1,0,,,,19.02,,1,0,2,N
15930828,"PLATE,FRT S/D VEH NA",,1,0,,,,57,,1,0,1,N
15932236,MOLDING-PUBX SI UPR *BLACK,,1,0,,,,84.05,,1,0,1,N
15933016,MIRROR KIT-O/S RR VIEW (MANUAL RH UPPER GLASS),,1,0,,,,70.26,,1,0,1,N
15934804,BAR KIT-F/END UPR TIE,,1,0,,,,135.35,,1,0,1,N
15937986,MIRROR ASM-O/S RR VIEW,,1,0,,,,69.53,,1,0,1,Y
15937996,MIRROR ASM-O/S RR VIEW,,1,0,,,,85.27,,1,0,1,Y
15940309,TANK ASM-COOL RCVY EXPN,,2,0,,,,94.8,,2,0,2,N
15941077,CABLE ASM-PARK BRK RR,,1,0,,,,22.94,,1,0,1,Y
15944326,GRILLE ASM-RAD LWR *CHROME M *EX BRT CHROM,,1,0,,,,139.41,,1,0,1,N
15950343,"MOLDING KIT,FRT S/D CTR *PAINT TO MAT",,2,0,,,,299.36,,2,0,2,N
15952670,"MODULE ASM,ELEK BRK CONT",,1,0,,,,227.25,,1,0,1,N
15953703,HOSE ASM-ENG OIL CLR OTLT,,1,0,,,,27.38,,1,0,1,N
15961795,A/RST ASM-FRT S/D TR FIN *GRAY M,,1,0,,,,58.8,,1,0,1,N
15979950,"BRACE,RR BPR IMP BAR OTR",,1,0,,,,54.62,,1,0,1,Y
15984154,VALVE-HTR WAT BYPASS,,1,0,,,,41.97,,1,0,1,N
16189159,"KNOB,RDO VOLUME SCV",,1,0,,,,6.85,,1,0,1,N
16229053,"KNOB,HTR & A/C CONT BLO SW",,2,0,,,,31.9,,1,1,1,Y
16524538,"BRACKET,HDLP",,2,0,,,,117.6,,2,0,2,N
16524656,"RETAINER,HDLP BULB RET",,4,0,,,,33.4,,4,0,1,N
16524772,"ADJUSTER,HDLP HORIZ",,1,0,,,,39.66,,1,0,1,N
16637320,LOCK ASM-FRT S/D,,1,0,,,,134.76,,1,0,1,N
16640848,"ACTUATOR,R/CMPT LID LAT REL",,1,0,,,,31.62,,1,0,1,N
17044104,"TRANSAXLE,AUTO(CODE 9EWJ",,1,0,,,,1799,,1,0,1,N
17106681,"SENSOR,THROT POSN",,1,0,,,,35.99,,1,0,1,N
17113205,"SEAL KIT,F/INJR(O RING)",,1,0,,,,20.55,,1,0,1,Y
17113690,"CANISTER ASM,EVAP EMIS",,1,0,,,,104.74,,1,0,1,N
17804576,"CONVERTER ASM,TORQ (REMAN) 258MM FWD",,1,0,,,,316.41,,1,0,1,Y
18022219,"VALVE KIT,P/B BOOS VAC CHK",,1,0,,,,15.28,,1,0,1,Y
18026702,BOLT/SCREW-FRT BRK CLPR,,1,0,,,,2.95,,0,1,1,Y
18040103,"BOLT,FRT BRK CLPR HSG",,1,0,,,,18.1,,1,0,1,Y
19005031,"SWITCH,T/SIG",,1,0,,,,53.64,,1,0,1,N
19108018,"PAD SET,RR DISC BRK",,1,0,,,,43,,1,0,1,N
19108019,"PAD SET,FRT DISC BRK",,1,0,,,,43,,1,0,1,Y
19116049,"FUSE,MINI 25 A",,1,0,,,,3.95,,1,0,1,Y
19116641,"SPEAKER ASM,RDO FRT S/D",,1,0,,,,21.21,,1,0,1,Y
19116650,"MODULE ASM,BODY CONT",,1,0,,,,223.06,,1,0,1,N
19120012,"FLARE ASM,RR WHL OPG (RH) *PRIMED",,1,0,,,,88.26,,1,0,1,N
19120737,"TRANSMISSION ASM,WSW",,1,0,,,,72.59,,1,0,1,Y
19120933,"NOZZLE,WSWA (PASSENGER & DRIVERS SIDE)",,1,0,,,,17.83,,1,0,1,Y
19121446,"STOP KIT,BELT LAT (RETR SI) *EBONY",,1,0,,,,13.33,,1,0,1,N
19121637,"SENSOR KIT,FUEL LVL",,1,0,,,,102.46,,1,0,1,N
19122332,"STRUT KIT,FRT SUSP",,1,0,,,,111.55,,1,0,1,Y
19122333,"STRUT KIT,FRT SUSP",,1,0,,,,111.55,,1,0,1,Y
19133370,"CYLINDER KIT,RR BRK",,1,0,,,,40.07,,1,0,1,Y
19150977,"CLUTCH,FAN",,1,0,,,,102.7,,1,0,1,N
19151508,"CONNECTOR KIT,INLINE-TO BODY HARN *BLACK",,2,0,,,,28.52,,2,0,2,Y
19152460,"GENERATOR ASM,(REMAN)(DELCO CS130 105 AMPS)",,1,0,,,,124.6,,1,,2,N
19152840,"PANEL ASM,RF LIFT OFF *PAINT TO MATCH",,1,0,,,,418.9,,1,0,1,N
19153229,"MODULE KIT,ELEK BRK CONT",,1,0,,,,132.28,,1,0,1,Y
19153716,"MODULE KIT,F/TNK F/PMP",,1,0,,,,223.79,,1,0,1,N
19153767,"CONNECTOR KIT,INLINE-TO FWD LP HARN *BLACK",,2,0,,,,4.5,,2,0,2,Y
19157422,"SHOE SET,RR BRK",,1,0,,,,50,,1,0,1,Y
19158002,"SPARK PLUG,",,2,0,,,,2.98,,2,0,2,N
19167005,"CONNECTOR,INLINE-TO ENG HARN",,2,0,,,,32.92,,2,0,2,Y
19167125,"SUPPORT ASM,RAD",,1,0,,,,297,,1,0,1,N
19167586,"FASCIA,FRT BPR LWR",,1,0,,,,160.97,,1,0,1,N
19168844,"FENDER,FRT",,1,0,,,,149.01,,1,0,1,N
19168954,"CLIP,A/CL HSG",,1,0,,,,2.7,,1,0,1,N
19169002,"LAMP ASM,TAIL",,1,0,,,,91.16,,1,0,1,Y
19169059,"SHAFT ASM,INTER STRG",,1,0,,,,112.52,,1,0,1,N
19169336,"HOSE ASM,A/C CMPR & CNDSR",,1,0,,,,116.84,,1,0,1,N
19175173,"ROTOR,RR BRK",,2,0,,,,102,,2,0,2,N
19176876,"PAD SET,FRT DISC BRK",,1,0,,,,43,,1,0,1,Y
19177226,"MODULE KIT,F/TNK F/PMP",,1,0,,,,220.67,,1,0,1,Y
19177252,"GEAR ASM,STRG (REMAN) *LESS PITMAN",,1,0,,,,325,,1,0,1,N
19177348,"SENSOR KIT,FUEL LVL",,1,0,,,,62.3,,2,0,1,Y
19179021,"GEAR KIT,DIFF SI & PINION",,1,0,,,,243.35,,1,0,1,N
19179597,"MODULE KIT,F/TNK F/PMP",,1,0,,,,156.41,,1,0,1,Y
19180779,"PLATFORM ASM,TRLR WT DISTR HITCH",,1,0,,,,233.48,,1,0,1,N
19207492,"GEAR KIT,STRG (REMAN)",,1,0,,,,420,,1,0,1,Y
19208228,"PLATE,FRT BPR FASCIA SKID",,1,0,,,,126.12,,1,0,1,N
19209288,"PUMP KIT,WAT",,1,0,,,,90.65,,1,0,1,N
19209326,"BAR ASM,FRT BPR IMP (ELPO COATED)",,2,0,,,,627.02,,2,0,2,N
19209664,"EMBLEM,L/GATE",,1,0,,,,20.72,,1,0,1,N
19210382,"BELT KIT,D/SEAT (RETR SI) (W/ PRE-TENSR)*EBONY",,1,0,,,,107.04,,1,0,1,N
19210681,"VALVE KIT,EGR",,1,0,,,,64.34,,1,0,1,N
19210686,"REGULATOR KIT,FUEL PRESS",,1,0,,,,60.09,,1,0,1,N
19210848,"CONNECTOR ASM,TRANS FLUID CLR PIPE",,1,0,,,,4.13,,1,0,1,N
19212189,"VALVE KIT,BRK PRESS MOD",,1,0,,,,449.17,,1,0,1,Y
19212299,"DISTRIBUTOR ASM,(REMAN)",,1,0,,,,455.09,,1,0,1,N
19213925,"ROTOR ASM,FRT BRK",,2,0,,,,114,,2,0,2,N
19244092,"SWITCH ASM,TRFER CASE SEL",,1,0,,,,45.47,,1,0,1,N
19244094,"SWITCH ASM,T/SIG & HDLP & HDLP DIMR & WSW & WSWA",,1,0,,,,126.93,,1,0,1,N
19244472,SPARK PLUG ASM,,10,0,,,,50.3,,10,0,8,N
19244500,"SENSOR ASM,F/PMP SW & ENG OIL PRESS GA",,1,0,,,,33.19,,1,0,1,Y
19244676,"SWITCH ASM,SI WDO (MAS)",,1,0,,,,55,,1,0,1,N
19244794,"GENERATOR ASM,(REMAN)",,1,0,,,,195.51,,1,0,1,N
19244841,"REGULATOR ASM,FRT S/D WDO(RH)",,1,0,,,,67.9,,1,0,1,N
19256115,"SENSOR KIT,FRT WHL SPD",,1,0,,,,41.86,,1,0,1,N
19256309,"WIRE,LEAD 50' SPOOLED WIRE/WHITE/THIN WALL TXL 22GA",,1,0,,,,18.05,,1,0,1,Y
19256957,"MOLDING ASM,RKR PNL (RH) *SERV PRIMER",,1,0,,,,120.69,,0,1,1,Y
19257101,"GEAR ASM,STRG",,1,0,,,,275,,1,0,1,Y
19258178,"SENSOR KIT,FUEL LVL",,1,0,,,,51.22,,1,0,1,N
19259215,"CONVERTER ASM,TORQ (REMAN) (236MM)(205K)",,1,0,,,,276.45,,1,0,1,N
19259327,"CANISTER ASM,EVAP EMIS",,1,0,,,,77.03,,1,0,1,Y
19259976,"SWITCH ASM,O/S RR VIEW MIR R/CON",,1,0,,,,44.14,,1,0,1,N
19260874,"BEARING,CM/SHF",,2,0,,,,43.18,,2,0,2,N
19260875,"BEARING,CM/SHF",,2,0,,,,43.18,,2,0,2,N
19260876,"BEARING,CM/SHF",,1,0,,,,21.59,,1,0,1,N
19299586,"GEAR KIT,STRG (REMAN)",,1,0,,,,375,,1,0,1,Y
19299843,"ABSORBER ASM,RR LVLG SHK",,1,0,,,,143.13,,1,0,2,N
19300045,"ABSORBER KIT,RR SHK",,2,0,,,,643.68,,2,0,2,Y
19300371,"TENSIONER KIT,P/SEAT BELT (RETR SI) *EBONY",,1,0,,,,79.11,,0,0,1,N
19300382,SPARK PLUG ASM,,8,0,,,,11.92,,8,0,8,N
19300383,SPARK PLUG ASM,,2,0,,,,2.98,,2,,2,N
19300584,"SENSOR ASM,FRT WHL SPD",,1,0,,,,27.67,,1,0,1,N
19300596,"ACTUATOR,TRFER CASE FOUR WHL DRV",,1,0,,,,203.25,,1,0,1,N
19301276,"BELT KIT,R/SEAT (BKL SI) *EBONY",,1,0,,,,57,,1,0,1,N
19301977,"REGULATOR ASM,FRT S/D WDO(W/O MOTOR)(RH)",,1,0,,,,107.91,,2,,1,N
19301980,"REGULATOR ASM,RR S/D WDO(W/O MOTOR)(RH)",,1,0,,,,191.68,,1,0,1,Y
19303829,"ROTOR,FRT BRK",,2,0,,,,108,,2,,2,N
19303830,"ROTOR,RR BRK",,2,0,,,,114,,2,0,2,Y
19328538,"PAINT,TOUCH-UP TUBE - FOUR-IN-ONE",,1,0,,,,10.89,,1,,1,N
19328548,"PAINT,TOUCH-UP TUBE - FOUR-IN-ONE",,1,0,,,,10.89,,1,,1,N
20058035,"ROLLER,FRT S/D CHK LINK",,1,0,,,,9.06,,1,0,1,N
20756713,PUMP ASM-P/S,,1,0,,,,133.82,,1,0,1,N
20759306,"CYLINDER KIT,IGN LK(UNCODED)",,1,0,,,,60.06,,1,0,1,Y
20766607,"CYLINDER KIT,IGN LK (UNCODED)",,1,0,,,,19.33,,1,0,1,Y
20781543,PLATFORM ASM-TRLR WT DISTR HITCH,,1,0,,,,165.24,,1,0,1,N
20794268,STRUT KIT-FRT SUSP,,1,0,,,,99.97,,1,0,1,N
20794801,HEADLAMP ASM,,1,0,,,,186.11,,1,0,1,N
20802980,"FENDER,FRT",,1,0,,,,234.19,,1,0,1,N
20804101,CAP ASM-F/TNK FIL,,1,0,,,,15.4,,1,0,1,Y
20807218,SWITCH ASM-FRT S/D WDO & RR S/D WDO,,1,0,,,,32.41,,1,0,1,Y
20808029,SWITCH ASM-T/SIG & HDLP & HDLP DIMR & FOG,,1,0,,,,27.75,,1,0,1,N
20809978,MIRROR ASM-O/S RR VIEW,,1,0,,,,61.84,,1,0,1,N
20812606,"VALVE,BRK PRESS MOD",,1,0,,,,167.25,,1,0,1,N
20814567,BRACKET ASM-RR S/D CTR RLR,,1,0,,,,101.62,,1,0,1,N
20814972,BAR-RR BPR IMP *LESS FINISH,,1,0,,,,299.33,,1,0,1,N
20819715,BRACKET-FRT BPR FASCIA,,1,0,,,,16.22,,1,0,1,N
20821151,FENDER-FRT,,2,0,,,,259.5,,3,0,2,Y
20825032,"CYLINDER ASM,FRT S/D LK",,1,0,,,,102.71,,1,0,1,N
20828695,HOSE ASM-ENG OIL CLR,,1,0,,,,52.2,,1,0,1,Y
20832044,LEVER ASM-PARK BRK,,1,0,,,,36.59,,1,0,1,Y
20832808,"FASCIA,FRT BPR",,1,0,,,,225,,0,0,1,Y
20836147,GRILLE ASM-HOOD AIR *PRL BR CHROM,,1,0,,,,87.4,,1,0,1,N
20836156,EMBLEM ASM-RAD GRL,,1,0,,,,38.5,,1,0,1,N
20840411,SUPPORT-FRT BPR FASCIA HDLP OPG FLG,,1,0,,,,16,,1,0,1,N
20840749,CABLE ASM-HOOD PRIM LAT REL,,1,0,,,,29.4,,1,0,1,N
20845345,CYLINDER ASM-BRK MAS,,1,0,,,,58.75,,1,0,1,N
20845347,CYLINDER ASM-BRK MAS,,1,0,,,,66.95,,1,0,1,N
20847176,FASCIA ASM-FRT BPR UPR *SERV PRIMER,,1,0,,,,213.18,,1,0,1,N
20856305,"HARNESS,FRT WHL SPD SEN WRG",,1,0,,,,16.6,,1,0,1,Y
20869232,ARM ASM-FRT LWR CONT,,1,0,,,,140.57,,0,0,1,N
20869233,ARM ASM-FRT LWR CONT,,1,0,,,,140.57,,0,1,1,Y
20874349,MOLDING ASM-RR S/D,,1,0,,,,42.58,,1,0,1,N
20874350,MOLDING ASM-RR S/D,,1,0,,,,44.38,,1,0,1,N
20882859,CAP ASM-F/TNK FIL,,1,0,,,,11.29,,1,0,1,Y
20885078,GATE ASM-PUBX END,,1,0,,,,424.74,,1,0,2,N
20885079,GATE ASM-PUBX END,,1,0,,,,417,,2,0,1,N
20899966,BAR ASM-TRLR HITCH DRAW,,1,0,,,,143.91,,1,0,1,N
20907279,PUMP KIT-WSWA W/ SEAL,,1,0,,,,16.79,,1,0,1,N
20908127,SENSOR KIT-RR OBJECT,,1,0,,,,119.7,,5,0,1,N
20910591,"HOUSING,FRT S/D O/S HDL",,1,0,,,,25.1,,1,0,1,N
20913315,"FRAME,WSW TRANS",,1,0,,,,50.91,,0,1,1,Y
20914363,LAMP ASM-TAIL,,1,0,,,,90.69,,1,0,1,Y
20917050,RESERVOIR-COOL RCVY,,1,0,,,,14.04,,1,0,1,Y
20919882,FENDER ASM-FRT,,1,0,,,,177,,1,0,1,N
20927279,SUPPORT ASM-RAD,,1,0,,,,411.15,,1,0,1,N
20930846,ROD ASM-RR WHL SPDL,,1,0,,,,57.82,,1,0,1,Y
20935081,ARM-R/WDO WPR,,1,0,,,,22.51,,1,0,1,Y
20938121,SENSOR ASM-RR WHL SPD,,1,0,,,,36.15,,1,0,1,Y
20941961,HOSE ASM-F/TNK FIL VENT,,1,0,,,,24.04,,1,0,1,Y
20941991,CAP ASM-HUB *CHROME,,1,0,,,,48.71,,1,0,1,N
20954815,HANDLE ASM-RR S/D O/S *BLACK,,1,0,,,,23.1,,1,0,1,Y
20966810,SWITCH ASM-FRT S/D WDO & RR S/D WDO (W/,,1,0,,,,47.99,,1,0,1,Y
20969646,HINGE ASM-FRT S/D LWR,,1,0,,,,67.45,,1,0,1,N
20971944,PLATE ASM-R/CMPT LID NA (RH PROC),,1,0,,,,4.62,,1,0,1,N
20972760,FAN ASM-ENG CLR (W/ SHRD),,1,0,,,,249.13,,1,0,1,Y
20980075,HUB ASM-FRT WHL (W/ BRG & WHL SPD SEN),,1,0,,,,275.13,,1,0,1,Y
20983937,COVER-AUDIO DISC PLYR & USB RCPT,,1,0,,,,4.92,,1,0,1,N
20984302,SPEAKER ASM-RDO RR,,1,0,,,,42.54,,1,0,1,N
20990085,STRUT ASM-L/GATE,,1,0,,,,16.13,,1,0,1,N
20995617,LABEL-A/C REFRIG CHRG,,1,0,,,,12.17,,1,0,1,N
21000707,SEAL-CR/SHF FRT OIL,,1,0,,,,7.04,,1,0,1,N
21000938,"FILTER,AIR",,2,0,,,,29.9,,3,0,2,N
21003352,"SEAL,FRT WHL DRV SHF",,1,0,,,,5.85,,1,0,1,N
21005846,"CABLE ASM,M/TRNS SHFT LVR",,1,0,,,,128.07,,1,0,1,Y
21007466,"HOSE,C/CASE VENT",,1,0,,,,3.36,,1,0,1,N
21009421,"VALVE KIT,EGR",,1,0,,,,173.44,,1,0,1,N
21012880,"ROTOR,FRT BRK",,2,0,,,,134,,2,0,2,N
21019273,"BULB,INST CSTR",,1,0,,,,2.58,,1,0,1,N
21024706,"SENSOR ASM,THROT POSN",,1,0,,,,28.87,,1,0,1,N
21031230,"HOSE ASM, A/C CMPR",,1,0,,,,31.51,,1,0,1,N
21171151,"CYLINDER KIT,IGN LOCK",,2,0,,,,39.78,,2,0,2,N
21992748,"RETAINER,F/TNK VENT VLV HOSE",,1,0,,,,3.06,,1,0,1,Y
22071946,"ACTUATOR,FRT S/D LK",,1,0,,,,66.69,,1,0,1,N
22166979,"SEAT,FRT SPR",,1,0,,,,31.88,,1,0,1,N
22174912,"STRUT,ENG MT",,1,0,,,,32.37,,1,0,1,N
22189840,"SHIELD,FRT SUSP STRUT",,1,0,,,,31.22,,1,0,1,N
22515965,"SEAL,FUEL SDR(O RING)",,1,0,,,,6.56,,1,0,1,N
22601896,"SWITCH,DR JAMB",,1,0,,,,6.64,,1,0,1,N
22605203,CABLE ASM-A/TRNS PK LK,,2,0,,,,100.02,,2,0,2,Y
22621087,"CABLE,R/CMPT LID LK CYL",,1,0,,,,49.99,,1,0,1,N
22624648,MOUNT ASM-TRANS RR,,1,0,,,,46.6,,1,0,1,N
22632794,"ARM,R/AXL LWR CONT",,1,0,,,,81.76,,1,0,1,N
22647232,HOSE-RAD OTLT,,1,0,,,,15.3,,1,0,1,N
22652359,BAR ASM-FRT BPR IMP,,1,0,,,,139.43,,1,0,1,N
22660578,"BRACKET-RAD SUPT,LWR (CRFM TO CRADLE) RH",,1,0,,,,41.33,,1,0,1,Y
22680642,HOSE-RAD INL,,1,0,,,,22.07,,1,0,1,N
22680651,HANDLE ASM-A/TRNS CONT LVR,,1,0,,,,25.32,,0,1,1,Y
22688449,"CAP,BRK M/CYL RSVR",,1,0,,,,20.51,,1,0,1,N
22689606,HOOD ASM,,1,0,,,,384.91,,1,0,1,N
22692415,BRACKET ASM-RAD UPR (LH),,1,0,,,,14.21,,1,0,1,N
22695015,PUMP KIT-WSWA,,1,0,,,,19.04,,1,0,1,N
22695268,ABSORBER-RR BPR FASCIA ENGY,,1,0,,,,75.09,,1,0,1,N
22697857,LENS-RDG LP,,1,0,,,,2.86,,1,0,1,N
22698403,"FASCIA ASM,RR BPR",,1,0,,,,198.95,,1,0,1,Y
22706008,SWITCH ASM-SI WDO (MAS),,1,0,,,,68.36,,1,0,1,N
22707166,"STRUT KIT,FRT SUSP",,1,0,,,,119.82,,1,0,1,N
22707167,"STRUT KIT,FRT SUSP",,1,0,,,,119.82,,1,0,1,N
22707611,BRACKET ASM-RAD UPR (RH),,1,0,,,,14.21,,1,0,1,N
22714675,BRACKET-RR BPR FASCIA,,1,0,,,,4.37,,1,0,1,N
22714704,BRACKET-FRT LIC PLT,,1,0,,,,17.19,,1,0,1,N
22714712,GRILLE-RAD LWR,,1,0,,,,46.93,,1,0,1,N
22715240,"REINFORCEMENT ASM,F/FDR FRT",,1,0,,,,21.79,,0,0,1,Y
22715444,HARNESS ASM-WHL SPD SEN WRG,,1,0,,,,35.95,,1,0,1,N
22716442,SWITCH ASM-SUN RF *LT OPEL GRAY,,1,0,,,,10.36,,1,0,1,N
22720230,"SWITCH ASM,SI WDO (MAS) *EBONY",,1,0,,,,52.02,,1,0,1,Y
22720377,"APPLIQUE,FRT S/D WDO FRM RR",,1,0,,,,23.55,,1,0,1,Y
22722502,SWITCH ASM-SI WDO (MAS) *EBONY,,1,0,,,,40.77,,1,0,1,N
22724686,RETAINER-FRT S/D ACSRY SW MT PLT,,1,0,,,,2.59,,1,0,1,N
22725263,"LINER,FRT W/H",,1,0,,,,40.26,,1,0,1,N
22726680,"MIRROR ASM,O/S RR VIEW",,1,0,,,,101.61,,1,0,1,N
22726738,"MOUNT ASM,TRANSAXLE",,1,0,,,,39.58,,1,0,1,N
22728242,"BOOT,PARK BRK LVR",,1,0,,,,26.18,,1,0,1,Y
22728544,"ABSORBER,FRT BPR FASCIA ENGY",,1,0,,,,87,,1,0,1,N
22731217,RADIATOR ASM (SERVICE),,1,0,,,,83.33,,0,1,1,Y
22731602,"EMBLEM ASM,HOOD *CHROME/RED",,1,0,,,,13.78,,1,0,1,N
22733011,SWITCH ASM-FRT S/D WDO & RR S/D WDO,,1,0,,,,50.42,,1,0,1,N
22734110,"ABSORBER,RR BPR FASCIA ENGY",,1,0,,,,54.89,,1,0,1,N
22734487,SWITCH ASM-R/CMPT LID REL,,1,0,,,,6.71,,1,0,1,Y
22737794,BLOCK ASM-ACSRY WRG JUNC,,1,0,,,,102.68,,1,0,1,N
22738087,MODULE ASM-THEFT DTRNT,,1,0,,,,75.24,,1,0,1,N
22740537,SOLENOID ASM-EVAP EMIS CNSTR,,1,0,,,,18.2,,1,0,1,N
22744069,EMBLEM ASM-RAD GRL,,1,0,,,,46.34,,1,0,1,N
22749928,"CARRIER,RR CLSR CTR APLQ *BLACK",,1,0,,,,135.61,,1,0,1,Y
22755303,BEZEL ASM-PUBX E/GATE LAT HDL (W/O HOLE FOR LOCK),,1,0,,,,35.86,,1,0,1,N
22759317,LAMP ASM-TAIL,,1,0,,,,111.67,,1,0,1,N
22759831,EMBLEM ASM-FRT BPR FASCIA,,1,0,,,,33.14,,1,0,1,N
22760308,MOLDING KIT-RR S/D CTR *SERV PRIMER,,1,0,,,,141.34,,1,0,1,N
22763774,MOLDING ASM-FRT S/D LWR *BLACK,,1,0,,,,58.8,,1,0,1,N
22763943,MOLDING ASM-RR S/D CTR *SERV PRIMER,,1,0,,,,87,,1,0,1,N
22766415,WEATHERSTRIP ASM-RR S/D,,1,0,,,,58.8,,1,0,1,N
22774086,SEALING STRIP ASM-RR S/D WDO OTR,,1,0,,,,67.06,,1,0,1,N
22779880,TRANSMITTER ASM-R/CON DR LK & THEFT DTRNT,,1,0,,,,90,,1,0,1,Y
22780789,APPLIQUE ASM-R/CMPT LID *CHROME,,1,0,,,,87.3,,1,0,1,N
22781125,"AIRBAG,RF S/RL",,1,0,,,,250,,1,0,1,Y
22781126,"AIRBAG,RF S/RL",,1,0,,,,250,,1,0,1,N
22781131,GENERATOR ASM,,1,0,,,,214.46,,1,0,1,Y
22787766,"SPRING,RR LEAF",,1,0,,,,146.46,,1,0,1,Y
22796169,SUPPORT ASM-FRT BPR FASCIA UPR,,1,0,,,,100.84,,1,0,1,N
22799748,LAMP ASM-RR LIC PLT,,1,0,,,,24,,1,0,1,N
22803601,CONTROL ASM-HTR & A/C (W/ HTD MIR SW),,1,0,,,,128.46,,1,0,1,N
22803682,WEATHERSTRIP ASM-FRT S/D WDO,,1,0,,,,88.86,,1,0,1,N
22803996,MOTOR ASM-BLO (W/ IMPLR),,1,0,,,,67.83,,1,0,1,N
22806471,BRACKET-FRT BPR FASCIA SI,,1,0,,,,15.68,,1,0,1,N
22816424,"GRILLE,FRT",,1,0,,,,227.09,,1,0,1,N
22818728,PUMP KIT-WSWA W/ SEAL,,1,0,,,,15.75,,1,0,1,Y
22830012,GRILLE ASM-RAD UPR *BRIGHT CHROM,,1,0,,,,138.91,,1,0,1,N
22837582,SWITCH ASM-T/SIG,,1,0,,,,26.42,,1,0,1,Y
22838102,ACTUATOR ASM-MODE VLV,,1,0,,,,20.91,,1,0,1,Y
22841380,HUB ASM-FRT WHL (W/ WHL SPD SEN) <>,,1,0,,,,230.9,,1,0,1,Y
22845370,INDICATOR KIT-WSWA SOLV LVL,,1,0,,,,10.93,,1,0,1,Y
22846972,COOLER ASM-P/S FLUID,,1,0,,,,43.29,,1,0,1,Y
22847943,SHIELD-STRG LNKG,,1,0,,,,32.01,,1,0,1,N
22849388,"REGULATOR,RR S/D WDO",,1,0,,,,94.75,,1,0,1,Y
22853872,HEADLAMP ASM-(W/ FRT SI MKR & PARK & T/SI,,1,0,,,,250.38,,1,0,1,N
22855606,HANDLE ASM-FRT S/D I/S *EBONY,,1,0,,,,53.24,,1,0,1,Y
22855617,HANDLE ASM-FRT S/D I/S *EBONY,,2,0,,,,105.86,,2,0,2,N
22867552,"HANDLE,FRT S/D O/S",,1,0,,,,26.58,,1,0,1,Y
22870062,BRACKET ASM-F/FDR FRT LWR (LH),,1,0,,,,6.7,,1,0,1,N
22871195,DEFLECTOR ASM-RAD AIR LWR,,1,0,,,,31.43,,1,0,1,N
22871806,COMPRESSOR ASM-TIRE AIR,,1,0,,,,92.9,,1,,1,N
22874951,SHAFT-R/AXL,,1,0,,,,333.96,,1,0,1,N
22876353,TUBE ASM-A/C EVPR,,1,0,,,,44.25,,1,0,1,N
22876354,TUBE ASM-A/C EVPR,,1,0,,,,42.19,,1,0,1,Y
22878312,"PLATE,L/GATE VEH NA *CHROME",,1,0,,,,14.5,,1,0,1,N
22879633,HOUSING ASM-CHRG PORT,,1,0,,,,67.05,,1,0,1,Y
22886834,HEADLAMP ASM-(W/ PARK & T/SIG LP) *W/CHROME BEZ,,1,0,,,,260.57,,1,0,1,N
22888599,LINER ASM-FRT W/H,,1,0,,,,40.76,,1,0,1,Y
22892656,"GUIDE,RR BPR FASCIA OTR",,1,0,,,,12.65,,1,0,1,N
22896430,MOTOR ASM-BLO (W/ IMPLR)<>,,1,0,,,,157.66,,1,0,1,N
22902127,HEADLAMP ASM,,1,0,,,,259.77,,1,0,1,N
22902421,STRUT ASM-FRT SUSP,,2,0,,,,186.22,,2,0,2,Y
22917502,ARM ASM-WSW LH,,1,0,,,,24.15,,1,0,1,Y
22922927,HOSE ASM-P/S GR INL,,1,0,,,,30.41,,1,0,1,Y
22923598,HANDLE ASM-RR S/D O/S *CHROME,,3,0,,,,54.36,,6,0,3,N
22952177,TRANSMITTER ASM-R/CON DR LK,,1,0,,,,45,,1,0,1,N
22962097,GENERATOR ASM,,1,0,,,,208.63,,1,0,1,Y
22968238,"CALIPER,RR BRK",,1,0,,,,100.71,,1,0,1,N
22990285,MUFFLER ASM-EXH (W/ EXH PIPE & TAIL PIPE),,1,0,,,,871.1,,1,0,1,N
23125498,ARM-R/WDO WPR,,1,0,,,,12.73,,1,0,1,Y
23126454,STRAP-F/TNK,,1,0,,,,16.87,,1,0,1,N
23127613,ROTOR-FRT BRK,,2,0,,,,158,,2,0,2,Y
23127630,KNUCKLE-STRG (MCHG),,1,0,,,,184.68,,1,,1,N
23128693,HANDLE ASM-PUBX E/GATE LAT *BLACK,,1,0,,,,37.63,,1,0,1,N
23145791,GEAR KIT-DIFF RING & PINION,,1,0,,,,260.45,,1,0,1,N
23155249,RADIATOR ASM,,1,0,,,,177,,1,0,1,Y
23168608,"APPLIQUE-RR CLSR CTR *""NO COLOR""",,1,0,,,,282.14,,1,0,1,N
23181418,GRILLE ASM-FRT *CHROME,,1,0,,,,417,,1,0,1,N
23217826,RADIATOR ASM,,1,0,,,,194.7,,1,,1,N
23224745,PANEL ASM-INST *CASHMERE,,1,0,,,,298.8,,2,0,1,N
23226002,GUIDE-RR BPR FASCIA,,2,0,,,,6.1,,2,,2,N
23239518,APPLIQUE ASM-BODY SI UPR RR,,1,0,,,,58.8,,1,,1,N
23461855,"LINK,RR SUSP UPR LATL",,1,0,,,,140.51,,1,,1,N
24200290,"PISTON,3-4 CLU",,1,0,,,,28.88,,1,0,1,Y
24203479,PISTON ASM-INPUT CLU,,1,0,,,,32.08,,1,0,1,Y
24208664,"SEAL,A/TRNS FLUID PUMP BOLT",,5,0,,,,7.85,,6,0,2,N
24209839,SEAL ASM-T/CV OIL,,1,0,,,,4.89,,1,0,1,N
24210605,"SEAL,A/TRNS FLUID PUMP",,1,0,,,,4.55,,1,0,1,N
24213361,BAND ASM-FWD,,1,0,,,,69.76,,1,0,1,N
24214158,BEARING ASM-DRV SPKT,,1,0,,,,4.64,,1,0,1,N
24221704,RING-FRT WHL DRV SHF RET,,1,0,,,,4.42,,1,0,1,N
24225963,"TRANSMISSION,AUTO(GOODWRENCH REMAN)",,1,0,,,,1625,,1,0,1,N
24228816,SEAL-OUTPUT SHF,,1,0,,,,31.12,,1,0,1,N
24234281,"GASKET,C/VLV BODY CVR",,1,0,,,,11.8,,1,0,1,N
24236934,"PLATE KIT,CONT SOL VLV FLTR",,1,0,,,,22.84,,1,0,1,N
24237264,"HARNESS ASM KIT,A/TRNS WRG",,1,0,,,,53.13,,1,0,1,Y
24237634,CYLINDER ASM-CLU ACTR,,1,0,,,,150.54,,1,0,1,N
24238603,"PLATE KIT,CLU",,1,0,,,,123.21,,1,0,1,N
24239970,SWITCH ASM-A/TRNS FLUID PRESS MAN VLV POS,,1,0,,,,28.76,,1,0,1,N
24241782,PLATE ASM-C/VLV BODY SPCR (W/ GSKT),,1,0,,,,9.76,,1,0,1,N
24242263,"PLATE PKG,CLU",,1,0,,,,47.87,,1,0,1,N
24243086,MODULE ASM-TRFER CASE SHFT CONT (W/O CALN),,1,0,,,,207.8,,1,0,1,N
24243102,"PLATE,C/VLV BODY SPCR",,1,0,,,,7.04,,1,0,1,N
24243216,PLATE ASM-C/VLV BODY SPCR (W/ GSKT),,1,0,,,,39.29,,1,0,1,N
24256864,MODULE ASM-TRANS CONT,,1,0,,,,210.93,,0,1,1,Y
24261367,MODULE ASM-TRFER CASE SHFT CONT (W/O C,,1,0,,,,93.71,,1,0,1,N
24264180,"CYLINDER ASM,CLU ACTR",,1,0,,,,117.11,,1,0,1,N
24269448,MODULE ASM-GEN CONT,,1,0,,,,219.15,,1,0,1,Y
24410987,"DAMPENER,ENG FRT MT BRKT",,1,0,,,,45.58,,1,0,1,N
24422922,SEAL-ENG COOL THERM (O RING),,1,0,,,,3.97,,1,0,1,N
24428553,"INDICATOR ASM,OIL LVL",,1,0,,,,11.81,,1,0,1,N
24436052,"PULLEY,TMG BELT IDLER",,2,0,,,,68.12,,2,0,2,N
24447061,"SEAL,ENG COOL THERM HSG(O RING)",,1,0,,,,4.12,,1,0,1,N
24455111,SEAL-THROT BODY,,1,0,,,,5.79,,1,0,1,N
24501057,"RETAINER,OIL FLTR DRIP PAN",,1,0,,,,2.51,,1,0,1,Y
24501563,"SEAL,THROT BODY HTR OTLT PIPE(O RING)",,2,0,,,,7.14,,2,0,2,N
24502332,STUD - EXH MANIF,,3,0,,,,5.58,,3,0,1,Y
24502846,"SEAL,DRV BELT TENSR",,5,0,,,,9.05,,5,0,1,N
24506057,GASKET-EXH MANIF,,1,0,,,,6.3,,4,0,1,N
24506439,"GASKET,EGR VLV",,1,0,,,,4.31,,1,0,1,N
24577299,"THERMOSTAT,ENG COOL",,1,0,,,,10.48,,1,0,1,N
25055457,"STRAINER,FUEL",,1,0,,,,7.97,,4,0,1,N
25167743,"SEAL,FUEL SDR",,1,0,,,,5.82,,1,0,1,N
25178714,"GROMMET,A/CL AIR RSTN IND",,1,0,,,,3.14,,1,0,1,Y
25183025,"CYLINDER,CLU ACTR",,1,0,,,,28.62,,1,0,1,N
25189098,PUMP ASM-WAT,,1,0,,,,81.75,,1,0,1,N
25521268,CABLE ASM-A/TRNS T/V,,1,0,,,,14.4,,1,0,1,N
25654373,CLIP-FUEL FEED & RTN HOSE,,1,0,,,,9.63,,1,0,1,N
25677720,"LETTER PKG,RR BPR FASCIA (BUICK)",,1,0,,,,31.08,,1,0,1,N
25695955,TRANSMITTER ASM-R/CON DR LK,,1,0,,,,55,,1,0,1,N
25705182,"BOLT,R/CMPT LID LK CYL",,2,0,,,,6.28,,2,0,2,N
25713251,EMBLEM ASM-F/FDR,,1,0,,,,27.05,,1,0,1,N
25718714,BRACKET-FRT LIC PLT,,1,0,,,,19.6,,1,0,1,N
25725880,"SWITCH,SI WDO",,1,0,,,,42.11,,1,0,1,Y
25737844,"FENDER,FRT",,1,0,,,,100.83,,2,0,1,N
25741457,"MOLDING,RF PNL JT FIN",,1,0,,,,101.45,,1,0,1,N
25741458,"MOLDING,RF PNL JT FIN",,1,0,,,,98.02,,1,0,1,N
25773946,SENSOR ASM-TIRE PRESS IND,,1,0,,,,42,,1,0,1,N
25776667,"RECEPTACLE ASM,C/LTR",,1,0,,,,2.74,,1,0,1,Y
25782944,FILLER-FRT BPR *BLACK,,1,0,,,,11.72,,1,0,1,N
25784042,"GRILLE-RAD UPR (MIC BLACK, LOWER MESH, BOWTIE AREA)",,1,0,,,,62.94,,1,0,1,N
25784043,"GRILLE,FRT CTR",,1,0,,,,97.99,,0,1,1,Y
25785783,DEFLECTOR-AIR INL GRL PNL WAT,,1,0,,,,13.05,,1,0,1,N
25792626,"PUMP KIT,WSWA W/SEAL",,1,0,,,,27.95,,2,0,1,Y
25793550,ARM ASM-FRT UPR CONT,,2,0,,,,320,,2,0,2,Y
25794921,EMBLEM-R/CMPT LID,,1,0,,,,13.97,,1,0,1,N
25797351,ROTOR-FRT BRK,,2,0,,,,114,,2,0,2,N
25798823,EMBLEM ASM-R/CMPT LID,,1,0,,,,19.65,,1,0,1,Y
25798905,MOLDING-RR BPR FASCIA *EX BRT CHROM,,1,0,,,,178.8,,1,0,1,N
25799097,"PLUG,L/GATE INR PNL ACC HOLE *EBONY",,1,0,,,,3.11,,0,0,1,Y
25805313,REFLECTOR ASM-RR BPR FASCIA,,2,0,,,,22.74,,2,0,2,N
25811737,LOCK ASM-FRT S/D,,1,0,,,,97.77,,1,0,1,N
25815013,RESISTOR ASM-DAYTIME RUNNING LP,,1,0,,,,45.08,,1,0,1,N
25825339,"COMPRESSOR,A/C",,1,0,,,,381.05,,0,1,1,Y
25828886,SWITCH ASM-RR S/D WDO *EBONY,,1,0,,,,7.62,,1,0,1,Y
25829662,MIRROR-O/S RR VIEW (REFL GLASS ONLY),,1,0,,,,178.8,,1,0,1,N
25829663,MIRROR-O/S RR VIEW (REFL GLASS ONLY),,1,0,,,,98.88,,1,0,1,N
25830082,CABLE ASM-PARK BRK RR,,1,0,,,,22.69,,1,0,1,N
25835421,PEDAL ASM-ACCEL (W/ BRKT & POSN SEN),,1,0,,,,59.67,,1,0,1,Y
25836292,KNUCKLE-STRG,,1,0,,,,125.67,,1,0,1,N
25836293,KNUCKLE-STRG,,1,0,,,,125.67,,1,0,1,Y
25838246,PANEL ASM-FRT S/D UPR FRT TR *EBONY,,1,0,,,,14.22,,1,0,1,N
25843093,HUB ASM-RR WHL,,1,0,,,,98.44,,1,,2,N
25847876,"MOTOR ASM,R/WDO WPR *W/BRACKET",,1,0,,,,96.84,,2,1,1,N
25848000,"CALIPER ASM,RR BRK (W/O BRK PADS & BRKT)",,1,0,,,,120.77,,1,0,1,N
25850211,ARM ASM-R/AXL UPR CONT,,1,0,,,,45.63,,1,0,1,N
25855607,"SENSOR ASM,STRG WHL POSN",,1,0,,,,62.57,,1,0,1,Y
25863250,PANEL ASM-R/END,,1,0,,,,320.2,,1,0,1,N
25863822,MOUNT ASM-ENG,,1,0,,,,74.28,,1,0,1,N
25865204,BRACKET ASM-RR BPR FASCIA LWR,,1,0,,,,18.72,,1,0,1,N
25867554,HANDLE ASM-FRT S/D O/S,,1,0,,,,43.3,,1,0,1,Y
25869662,BRACE ASM-F/END SH MET RAD OPG,,2,0,,,,157.86,,2,0,2,N
25871225,ABSORBER ASM-RR SHK,,1,0,,,,57.06,,1,0,1,Y
25871613,BAR ASM-RR BPR IMP,,1,0,,,,329.59,,1,0,1,N
25872803,"KNUCKLE,STRG",,1,0,,,,86.63,,1,0,1,N
25875709,MOUNT ASM-FRT SUSP STRUT,,1,0,,,,71.38,,1,0,1,N
25876715,MIRROR ASM-O/S RR VIEW,,1,0,,,,77.74,,1,0,1,N
25878425,SWITCH ASM-TRFER CASE SEL,,1,0,,,,15.56,,1,0,1,N
25882872,BRACKET-RR BPR FASCIA,,1,0,,,,17.28,,1,0,1,N
25890358,ACCUMULATOR ASM-A/C,,1,0,,,,50.68,,1,0,1,N
25890532,HOSE-HTR OTLT,,1,0,,,,14.08,,1,0,1,Y
25893515,MIRROR-O/S RR VIEW (REFL GLASS ONLY),,1,0,,,,71.81,,1,0,1,N
25905616,"MOLDING,RF PNL QTR RVL",,1,0,,,,42.69,,1,0,1,N
25907215,HOOD ASM,,1,0,,,,207.75,,1,0,1,N
25911767,ARM-WSW,,1,0,,,,32.83,,1,0,1,N
25912410,FASCIA-FRT BPR LWR *SLATE,,1,0,,,,182.95,,1,0,1,Y
25912889,BEZEL ASM-F/FLR FRT CNSL ACSRY TR *TRADTNL BURL,,1,0,,,,187.58,,1,0,1,N
25920062,STRUT ASM-FRT SUSP,,1,0,,,,93.07,,1,0,1,Y
25920063,STRUT ASM-FRT SUSP,,1,0,,,,93.07,,1,0,1,Y
25920443,FASCIA-FRT BPR LWR *DK SMOKE GRY,,1,0,,,,260.56,,1,0,1,N
25928753,JACK ASM,,1,0,,,,58.8,,1,0,2,N
25933396,"COLUMN ASM,STRG",,1,0,,,,208.73,,1,0,1,Y
25936130,CONTROL ASM-HTR & A/C (W/ R/WDO DEFG,,1,0,,,,164.64,,0,0,2,Y
25937105,SPEAKER ASM-RDO RR S/D,,1,0,,,,22.24,,1,0,1,N
25937755,EXTENSION-F/FDR,,1,0,,,,20.96,,1,0,1,N
25938078,FENDER ASM-FRT,,1,0,,,,345.74,,1,0,1,N
25945700,CYLINDER ASM-SPA WHL HOIST LK,,1,0,,,,81.66,,1,0,1,N
25947195,MIRROR ASM-O/S RR VIEW *SERV PRIMER,,1,0,,,,86.93,,1,0,1,N
25954546,SUNSHADE ASM *GRAY L,,1,0,,,,41.7,,1,0,1,N
25954547,SUNSHADE ASM *GRAY L,,1,0,,,,59.7,,1,0,2,N
25955129,FASCIA-FRT BPR UPR *SERV PRIMER,,1,0,,,,208.7,,1,0,1,N
25959021,"GATE ASM,LIFT",,1,0,,,,449.53,,1,0,1,N
25962838,MOLDING ASM-RKR PNL FRT *SLATE,,1,0,,,,126.85,,1,0,1,N
25966963,COIL ASM-INFL RST STRG WHL MDL (W/ ACSRY,,1,0,,,,89.7,,1,0,1,N
25971598,LAMP ASM-TAIL,,1,0,,,,92.03,,1,0,1,N
25973040,DECAL-PUBX SI RR,,1,0,,,,34.43,,1,0,1,N
25979186,BEARING ASM-RR WHL,,1,0,,,,125,,1,0,1,N
25984679,BUSHING-FRT LWR CONT ARM,,2,0,,,,27.18,,2,0,2,N
25991894,"MOLDING ASM-RR S/D *""NO COLOR""",,1,0,,,,66.84,,1,0,1,N
25992461,STRUT ASM-L/GATE,,1,0,,,,22.62,,1,0,1,Y
25993883,"BRACKET,RR BPR FASCIA SI",,1,0,,,,29.4,,1,0,1,Y
26019397,"KEY,IGN LK",,1,0,,,,17,,1,0,1,N
26019404,KEY-IGN LK (GM LOGO)(RES CODE #14),,1,0,,,,17,,1,0,1,N
26019660,SWITCH ASM-STRG COL DIMR,,1,0,,,,35.5,,1,0,1,N
26033170,"SHAFT,S/GR CPLG",,1,0,,,,208.35,,1,0,2,N
26064468,"SENSOR,STRG WHL POSN",,1,0,,,,49.34,,1,0,1,N
26068934,"RESERVOIR KIT,P/S FLUID",,1,0,,,,46.63,,1,0,1,N
26069514,"LEVER,STRG COL TILT WHL REL",,1,0,,,,9.71,,1,0,1,Y
26091246,"CONTROL,A/TRNS",,1,0,,,,119.13,,1,0,1,N
26095475,"ROD KIT,STRG LNKG OTR TIE",,1,0,,,,58.25,,1,0,1,N
26110836,"GEAR,STRG(REMAN)",,1,0,,,,420,,-1,0,1,Y
29535520,"BOLT/SCREW,T/CV HSG (TO PUMP)",,10,0,,,,23.6,,0,0,10,N
29536833,"VALVE ASM,SHFT ON/OFF SOL",,2,0,,,,28.98,,2,0,2,N
29540479,"SWITCH KIT,PARK/NEU POSN & B/U LP",,1,0,,,,126.79,,1,0,1,N
29541896,"VALVE ASM,PRESS CONT SOL (PCS 2)",,1,0,,,,86.36,,1,0,1,N
52473139,"SWITCH,A/C CMPR LOW PRESS CUT OFF",,1,0,,,,20.61,,2,0,1,Y
55350421,"BELT,GEN & A/C CMPR",,1,0,,,,23.54,,1,0,1,Y
55351456,"GASKET,CM/SHF CVR",,1,0,,,,20.44,,1,0,1,N
55354071,"SEAL,ENG OIL CLR",,1,0,,,,9.54,,0,0,1,Y
55562350,"VALVE,EVAP EMIS CNSTR PURGE SOL(W/BRKT)",,1,0,,,,69.28,,1,0,1,Y
55563374,"SEAL,CM/SHF FRT OIL",,2,0,,,,25.46,,2,0,2,N
55573248,SENSOR ASM-MAP,,2,0,,,,38.32,,2,0,2,Y
55574136,SENSOR ASM-HTD OXY (POSN 2),,1,0,,,,40.43,,1,0,1,N
55574864,"TENSIONER,TMG BELT",,2,0,,,,94.08,,2,0,2,N
88860737,"PAINT,TOUCH-UP TUBE (.5 OZ)",,1,0,,,,7.4,,0,0,1,N
88860925,"PAINT,TOUCH-UP TUBE (.5 OZ)",,1,0,,,,7.4,,1,0,1,N
88862463,"WIRE KIT,SPLG",,1,0,,,,51.29,,1,0,1,N
88891577,"CASE,AUX A/C EVPR & BLO UPR",,1,0,,,,68.97,,1,0,1,Y
88891771,"NUT,QTR VENT WDO LAT",,1,0,,,,2.15,,5,0,1,Y
88909670,"PAD KIT,FRT DISC BRK",,1,0,,,,43,,1,0,1,Y
88913428,"SPRING SET,FRT",,2,0,,,,157.52,,2,0,2,N
88913677,"SPRING SET,RR",,2,0,,,,103.26,,2,0,2,N
88937047,"FASCIA,FRT BPR",,1,0,,,,263.7,,1,0,1,N
88938462,"PAD,RR BPR STEP CTR",,1,0,,,,25.25,,1,0,1,N
88944391,"GLASS,O/S RR VIEW MIR (W/ BKG PLATE)",,1,0,,,,249.68,,1,0,1,Y
88953146,"CONNECTOR,LP-B/U & TAIL",,1,0,,,,50.15,,1,0,1,Y
88953356,"SOCKET,B/U LP",,1,0,,,,31.49,,1,0,1,N
88955198,"BELT KIT,R/SEAT(BKL SI) PEWTER",,1,0,,,,57,,1,0,1,Y
88958136,"COVER KIT,WSW MOT",,1,0,,,,85.44,,1,0,1,N
88958372,"COVER KIT,WSW MOT",,1,0,,,,75.01,,2,0,1,N
88965467,"STRUT ASM,FRT SUSP",,1,0,,,,186.57,,1,0,1,N
88965469,"STRUT ASM,RR SUSP",,1,0,,,,122.27,,1,0,1,Y
88965717,"PLATE KIT,RR BRK SHOE GDE",,1,0,,,,94.29,,1,0,1,Y
88965719,"SENSOR KIT,FRT WHL SPD",,1,0,,,,131.94,,1,0,1,N
88967140,"SOLENOID,A/TRNS SHFT LK CONT",,1,0,,,,55.68,,1,0,1,N
88970277,"ACTUATOR,AIR INL VLV",,1,0,,,,47.82,,1,0,1,N
88979479,"PAD,D/SEAT CUSH",,1,0,,,,96.77,,1,0,1,N
88979776,"HANDLE,D/SEAT RECL *PEWTER",,1,0,,,,6.21,,1,0,1,Y
88979829,"MOLDING ASM,RR S/D (LH) W/TOP GROOVE *PAINT TO MAT",,1,0,,,,62.14,,1,0,1,N
88980997,"LATCH ASM,FRT S/D - LH",,1,0,,,,83.81,,1,0,1,N
88982626,"BRACKET,RR BRK CLPR",,1,0,,,,41.76,,1,0,1,Y
88986007,"LATCH,F/FLR RR CNSL A/RST",,1,0,,,,15.92,,1,0,1,N
88986013,"LINER,F/FLR CNSL FRT CUP HLDR",,1,0,,,,14.55,,1,0,1,N
88987992,"CONNECTOR,COIL-IGN",,1,0,,,,25.29,,1,0,1,Y
88988586,"CONNECTOR,SOL-EVAP EMIS CNSTR PURGE VLV",,1,0,,,,20.86,,1,0,1,Y
88988700,"CONNECTOR,LP-HDLP LOW BEAM (W/LEADS)",,1,0,,,,17.15,,1,0,1,Y
89017458,"GASKET KIT,CYL HD",,1,0,,,,90.1,,1,0,1,N
89017585,"GASKET KIT,INT MANIF",,1,0,,,,29.25,,1,0,1,N
89017587,"SEAL KIT,F/INJR (O RING)",,1,0,,,,24.99,,1,0,1,N
89018176,"VALVE KIT,EGR",,1,0,,,,183.59,,1,0,1,Y
89018220,"GASKET KIT,CM/SHF CVR",,2,0,,,,111.4,,2,0,2,N
89018289,"CORE,HTR",,1,0,,,,109.79,,1,0,1,Y
89018356,"ACTUATOR,TEMP VLV",,1,0,,,,48.19,,1,0,1,Y
89018691,"BLADE KIT,ENG COOL FAN (LH)",,2,0,,,,58.54,,2,0,2,Y
89018693,"BLADE KIT,ENG COOL FAN (RH)",,2,0,,,,59.62,,2,0,2,Y
89019018,"EVAPORATOR ASM,A/C",,1,0,,,,245.38,,1,0,1,N
89019357,"COMPRESSOR ASM,A/C",,1,0,,,,272.92,,1,0,1,N
89019403,"COMPRESSOR ASM,A/C",,1,0,,,,245.62,,1,0,1,N
89021806,"FLUID,M/TRANS",,8,0,,,,90.72,,14,0,2,N
89039093,"HANDLE,D/SEAT RECL DOUBLE D *GRAPHITE",,2,0,,,,21.16,,2,0,2,N
89039691,"LINER,F/FLR CNSL CUP HLDR",,1,0,,,,14.52,,1,0,1,N
89042242,"COVER,P/SEAT ADJR FIN *GRAY",,1,0,,,,16.03,,1,0,1,N
89047953,"SEAL,DIFF CARR CVR (VITON)",,1,0,,,,19.31,,1,0,1,N
89060253,"MOUNT ASM,FRT SUSP STRUT",,1,0,,,,59.96,,1,0,1,Y
89060639,"SENDER PKG,FUEL",,1,0,,,,308.47,,1,0,1,N
90322669,"SEAL,CR/SHF FRT OIL",,1,0,,,,18.86,,2,0,1,N
90363748,"SWITCH ASM,FRT S/D WDO *MD DK.PEWTER",,1,0,,,,37.58,,1,0,1,N
90482454,"SWITCH,B/U LP",,1,0,,,,21.39,,1,0,1,Y
90529533,"KEY,VLV STEM",,4,0,,,,8.32,,4,0,2,N
90537679,"MANIFOLD ASM,EXH",,1,0,,,,166.2,,1,0,1,N
90570544,GASKET,,1,0,,,,4.79,,1,0,1,Y
90571136,"CONNECTOR,CTR INT MANIF",,1,0,,,,4.48,,1,0,1,N
91174817,"PAD KIT,FRT DISC BRK",,1,0,,,,53,,1,0,1,N
92139104,BOLT/SCREW-PROP SHF,,1,0,,,,3.44,,1,0,1,N
92169488,"FASCIA,FRT BPR",,1,0,,,,478.28,,1,0,1,N
92228228,GRILLE-RAD LWR *BLACK,,1,0,,,,37.44,,1,0,1,Y
92234404,"DEFLECTOR,FRT BPR FASCIA AIR",,1,0,,,,58.8,,0,0,1,N
92236548,FASCIA ASM-FRT BPR *SERV PRIMER,,1,0,,,,242.4,,0,0,1,Y
92243318,"REINFORCEMENT,FRT BPR FASCIA LWR",,1,0,,,,10.17,,1,0,1,N
92243928,"LINK,FRT STAB SHF",,1,0,,,,15.42,,1,0,1,Y
92245273,"MOLDING,RKR PNL",,1,0,,,,158.28,,1,0,1,N
92247638,CONVERTER ASM-3WAY CTLTC (W/ EXH FRT PIP,,1,0,,,,310,,1,0,1,N
92247639,CONVERTER ASM-3WAY CTLTC (W/ EXH FRT PIP,,1,0,,,,310,,1,0,1,N
92249335,PIPE ASM-P/S GR OTLT,,1,0,,,,36.87,,1,0,1,N
93168628,"COMPRESSOR,A/C",,1,0,,,,310.97,,1,0,1,Y
93185443,"SENSOR,MASS AIRFLOW",,1,0,,,,282.99,,1,0,1,N
93186324,"COOLER KIT,ENG OIL",,1,0,,,,74.04,,1,0,1,Y
93191307,"SENSOR,HTD OXY(POSN 1)",,1,0,,,,47.16,,1,0,1,N
93192885,"ELEMENT ASM,A/CL",,1,0,,,,13.41,,1,0,1,Y
93442096,BRACKET ASM-M/PORT F/INJR,,1,0,,,,16.14,,1,0,1,N
93443101,SWITCH ASM-HDLP & I/P LP DIMR & DM LP,,1,0,,,,75.27,,1,0,1,Y
93741472,"GASKET,A/TRNS FLUID PAN",,1,0,,,,16.3,,1,0,1,N
94013303,"SEAL,F/INJR (O RING)",,8,0,,,,56.56,,8,0,8,N
94520668,"SCREW-TAP W/WA,ST4.8X1.6",,1,0,,,,2.51,,1,0,1,Y
94526131,HORN ASM-DUAL,,1,0,,,,19.54,,1,,1,Y
94535572,"BULB,B/U & T/LP",,8,0,,,,7.12,,8,0,1,Y
94553204,PANEL ASM-BODY SI OTR,,1,0,,,,460.58,,1,,1,N
94580509,"SEAL,RAD OTLT PIPE (O RING)",,7,0,,,,22.12,,7,0,1,Y
94848834,"RETAINER,R/CMPT LID LWR CTR MLDG(PUSH IN)",,2,0,,,,6.84,,2,0,2,N
94860087,"KEY,IGN(UNCODED/UNCUT)",,1,0,,,,2,,1,0,1,N
95026205,BUMPER-RAD GRL,,1,0,,,,14.11,,1,0,1,Y
95026539,"BRACKET,FRT GRL SUPT",,1,0,,,,87,,1,0,1,Y
95122465,EMBLEM ASM-FRT GRL,,1,0,,,,27.12,,2,0,1,Y
95127085,PIPE-FUEL FEED FRT,,1,0,,,,17.98,,1,0,1,N
95173684,"TAPE,RR S/D WDO FRM FRT APLQ",,1,0,,,,3.77,,1,0,1,N
95181807,TAPE-FRT S/D WDO FRM RR APLQ,,1,0,,,,2.98,,2,0,1,N
95181808,TAPE-FRT S/D WDO FRM RR APLQ,,1,0,,,,2.98,,2,0,1,N
95181810,TAPE-RR S/D WDO FRM FRT APLQ,,1,0,,,,2.71,,2,0,1,N
95181812,TAPE-BODY SI UPR MLDG,,1,0,,,,11.99,,3,0,1,N
95216004,RETAINER-F/CMPT INSL CVR,,1,0,,,,2.39,,1,0,1,N
95226510,NOZZLE ASM-WSWA,,1,0,,,,3.66,,1,0,1,N
95229055,FASCIA-FRT BPR *SERV PRIMER,,1,0,,,,186.18,,1,0,1,Y
95292260,CAP ASM-F/TNK FIL,,1,0,,,,10.57,,1,0,1,N
95321657,WEATHERSTRIP ASM-FRT S/D WDO,,1,0,,,,48.31,,1,0,1,N
95321658,WEATHERSTRIP ASM-FRT S/D WDO,,1,0,,,,50.73,,1,0,1,N
95323228,"SHIELD,F/CMPT SPH",,1,0,,,,13.53,,1,0,1,N
95441448,CONTROL ASM-A/TRNS *BLACK,,1,0,,,,77.14,,1,0,1,N
95469599,LATCH ASM-HOOD PRIM & SECD,,1,0,,,,33.88,,1,0,1,N
95900042,HEADLAMP ASM-(W/ PARK & T/SIG LP),,1,0,,,,119.11,,1,0,1,N
95946961,"VALVE,TEMP",,1,0,,,,74.55,,1,0,1,Y
95961448,BAFFLE ASM-A/C CNDSR,,1,0,,,,23.29,,1,0,1,Y
95975942,"ARM ASM,FRT LWR CONT",,1,0,,,,65.95,,1,0,1,N
95976851,BRACKET-HDLP HSG,,1,0,,,,31.27,,1,0,1,Y
95976852,BRACKET-HDLP HSG,,1,0,,,,31.27,,1,0,1,Y
95984200,"LIGHTER,CIG",,1,0,,,,5.66,,1,0,1,N
96181581,"GASKET,EXH MUFF",,1,0,,,,2.98,,1,0,1,N
96184353,FLYWHEEL ASM,,1,0,,,,110.37,,1,0,1,N
96253544,"SENSOR,CM/SHF POSN",,1,0,,,,28.04,,1,0,1,Y
96349121,"TAPE,FRT S/D UPR MLDG",,1,0,,,,24.95,,1,0,1,N
96399872,"KEY,DR LK & IGN LK",,1,0,,,,43,,1,0,1,N
96409548,"HANDLE ASM,FRT S/D O/S *PAINT TO MAT",,1,0,,,,29.4,,1,0,1,Y
96437829,"HOSE,INT AIR CONT SOL VLV",,1,0,,,,9.86,,1,0,2,N
96468266,"HANDLE,FRT S/D O/S *CHROME",,1,0,,,,33.61,,1,0,1,Y
96476195,"MANIFOLD ASM,EXH (W/ 3WAY CTLTC CONV)",,1,0,,,,829.29,,1,0,1,N
96653144,"COVER,WHL TR",,2,0,,,,73.24,,2,0,2,N
96661547,"STRUT,HOOD",,1,0,,,,21.48,,1,0,1,Y
96800763,EMBLEM ASM-L/GATE O/S HDL,,1,0,,,,26.15,,1,0,1,Y
96804100,"BRACKET,FRT BPR FASCIA SI",,1,0,,,,11.29,,1,0,1,N
96830972,HEADLAMP ASM-(W/ PARK & T/SIG LP),,1,0,,,,190.85,,1,0,2,Y
96858745,"BELT,TMG",,1,0,,,,61.77,,1,0,2,Y
96887800,CYLINDER ASM-CLU MAS,,1,0,,,,30.76,,1,0,1,N
96899201,BRACKET ASM-HDLP MT PNL,,1,0,,,,17.67,,1,0,1,N
96951325,STRIP-RR S/D RUB *JET BLACK,,1,0,,,,3.61,,1,0,1,N
96951465,"SENSOR ASM,OXY (POSN 1)",,1,0,,,,117.76,,1,0,1,Y
96980824,"STRUT,FRT SUSP",,1,0,,,,74.47,,1,0,1,N
96980825,"STRUT ASM,FRT SUSP",,1,0,,,,74.47,,1,0,1,N
97216063,"HOSE,FUEL FEED FRT",,1,0,,,,10.81,,1,0,1,N
97216067,"HOSE,F/INJN F/PMP FUEL RTN",,1,0,,,,14.18,,1,0,1,N
97251963,"GASKET,INT MANIF TUBE",,1,0,,,,2.98,,3,0,1,N
97303654,"COOLER,EGR VLV",,1,0,,,,234.14,,1,0,1,N
97312341,"GASKET,VLV RKR ARM CVR (UPPER)",,1,0,,,,30.53,,2,0,1,N
97318478,"GASKET,EGR PIPE (END OF EGR VALVE)",,1,0,,,,3.4,,1,0,1,N
97326305,"GLOW PLUG,",,2,0,,,,37.58,,2,0,2,Y
97333410,"HOSE,EGR VLV (COOLER HOSE)",,1,0,,,,9.91,,1,0,1,N
97351488,"SEAL,F/PMP (O RING)",,2,0,,,,16.3,,2,0,2,N
97354769,"CLAMP,TURBO EXH PIPE",,1,0,,,,24.97,,1,0,2,N
97354884,"HOSE ASM,TURBO COOL RTN",,1,0,,,,7.95,,0,0,1,N
,,,,,,,,,,,,,
Menu,,,,,,,,,,,,,
Bulletin Board,,,,,,,,,,,,,
Contact Us,,,,,,,,,,,,,
About,,,,,,,,,,,,,
,,,,,,,,,,,,,
,,,,,,,,,,,,,
Help on this page,,,,,,,,,,,,,
